total_timesteps,actor_loss,critic_loss,ent_coef,learning_rate,n_updates,orders_submitted_mean,fills_mean,avg_spread_ticks_mean,back_over_mean,lay_over_mean,over_diff_mean,tto_seconds_mean,liq_back_mean,liq_lay_mean,worst_roi_mean,green_all_rate,bankrupt_rate,pnl_step_mean,pnl_step_std,pnl_ewma_mean,pnl_sharpe_step,green_ratio_at_off_mean,exposure_total_mean,exposure_total_max
1000,nan,nan,0.12213404476642609,0.0003,899,1.0,0.873,nan,nan,nan,nan,nan,nan,nan,-0.0033141115022192486,0.101,0.0,nan,nan,nan,nan,nan,nan,nan
2000,nan,nan,0.15466532111167908,0.0003,1899,1.0,0.873,nan,nan,nan,nan,nan,nan,nan,-0.0029205864920905625,0.099,0.0,nan,nan,nan,nan,nan,nan,nan
3000,nan,nan,0.2020169347524643,0.0003,2899,1.0,0.861,nan,nan,nan,nan,nan,nan,nan,-0.0034403728093388005,0.103,0.0,nan,nan,nan,nan,nan,nan,nan
4000,nan,nan,0.15673968195915222,0.0003,3899,1.0,0.904,nan,nan,nan,nan,nan,nan,nan,-0.0033651520003450497,0.029,0.0,nan,nan,nan,nan,nan,nan,nan
5000,nan,nan,0.11750414967536926,0.0003,4899,1.0,0.881,nan,nan,nan,nan,nan,nan,nan,-0.003030768870251341,0.044,0.0,nan,nan,nan,nan,nan,nan,nan
6000,nan,nan,0.08742843568325043,0.0003,5899,1.0,0.911,nan,nan,nan,nan,nan,nan,nan,-0.003257297920959016,0.069,0.0,nan,nan,nan,nan,nan,nan,nan
7000,nan,nan,0.06504034250974655,0.0003,6899,1.0,0.934,nan,nan,nan,nan,nan,nan,nan,-0.0024926740892132464,0.053,0.0,nan,nan,nan,nan,nan,nan,nan
8000,nan,nan,0.04846441000699997,0.0003,7899,1.0,0.923,nan,nan,nan,nan,nan,nan,nan,-0.0031986965894641663,0.052,0.0,nan,nan,nan,nan,nan,nan,nan
9000,nan,nan,0.035968340933322906,0.0003,8899,1.0,0.901,nan,nan,nan,nan,nan,nan,nan,-0.0031421314320898112,0.046,0.0,nan,nan,nan,nan,nan,nan,nan
10000,nan,nan,0.02692313864827156,0.0003,9899,1.0,0.893,nan,nan,nan,nan,nan,nan,nan,-0.002332818014344667,0.028,0.0,nan,nan,nan,nan,nan,nan,nan
11000,nan,nan,0.020218444988131523,0.0003,10899,1.0,0.87,nan,nan,nan,nan,nan,nan,nan,-0.003142345729445924,0.046,0.0,nan,nan,nan,nan,nan,nan,nan
12000,nan,nan,0.015258360654115677,0.0003,11899,1.0,0.899,nan,nan,nan,nan,nan,nan,nan,-0.0029313042350825407,0.028,0.0,nan,nan,nan,nan,nan,nan,nan
13000,nan,nan,0.011539367958903313,0.0003,12899,1.0,0.896,nan,nan,nan,nan,nan,nan,nan,-0.002718162932923599,0.065,0.0,nan,nan,nan,nan,nan,nan,nan
14000,nan,nan,0.00875177513808012,0.0003,13899,1.0,0.888,nan,nan,nan,nan,nan,nan,nan,-0.0031206481081052883,0.034,0.0,nan,nan,nan,nan,nan,nan,nan
15000,nan,nan,0.006681591738015413,0.0003,14899,1.0,0.924,nan,nan,nan,nan,nan,nan,nan,-0.003154681043834696,0.038,0.0,nan,nan,nan,nan,nan,nan,nan
16000,nan,nan,0.005162282381206751,0.0003,15899,1.0,0.912,nan,nan,nan,nan,nan,nan,nan,-0.002640724987750697,0.046,0.0,nan,nan,nan,nan,nan,nan,nan
17000,nan,nan,0.004008853808045387,0.0003,16899,1.0,0.82,nan,nan,nan,nan,nan,nan,nan,-0.004355613750505691,0.054,0.0,nan,nan,nan,nan,nan,nan,nan
18000,nan,nan,0.0031263085547834635,0.0003,17899,1.0,0.834,nan,nan,nan,nan,nan,nan,nan,-0.003909791302945074,0.034,0.0,nan,nan,nan,nan,nan,nan,nan
19000,nan,nan,0.0025320721324533224,0.0003,18899,1.0,0.851,nan,nan,nan,nan,nan,nan,nan,-0.003430053739206197,0.059,0.0,nan,nan,nan,nan,nan,nan,nan
20000,nan,nan,0.0020535392686724663,0.0003,19899,1.0,0.919,nan,nan,nan,nan,nan,nan,nan,-0.0023272178279425374,0.054,0.0,nan,nan,nan,nan,nan,nan,nan
21000,nan,nan,0.0017449292354285717,0.0003,20899,1.0,0.832,nan,nan,nan,nan,nan,nan,nan,-0.0034350064093803243,0.069,0.0,nan,nan,nan,nan,nan,nan,nan
22000,nan,nan,0.0017201438313350081,0.0003,21899,1.0,0.857,nan,nan,nan,nan,nan,nan,nan,-0.003333759409777169,0.053,0.0,nan,nan,nan,nan,nan,nan,nan
23000,nan,nan,0.0016781316371634603,0.0003,22899,1.0,0.858,nan,nan,nan,nan,nan,nan,nan,-0.003451810424285528,0.067,0.0,nan,nan,nan,nan,nan,nan,nan
24000,nan,nan,0.0017485048156231642,0.0003,23899,1.0,0.899,nan,nan,nan,nan,nan,nan,nan,-0.00337774742199288,0.052,0.0,nan,nan,nan,nan,nan,nan,nan
25000,nan,nan,0.0016358860302716494,0.0003,24899,1.0,0.843,nan,nan,nan,nan,nan,nan,nan,-0.005303742769477246,0.065,0.0,nan,nan,nan,nan,nan,nan,nan
26000,nan,nan,0.001771264709532261,0.0003,25899,1.0,0.87,nan,nan,nan,nan,nan,nan,nan,-0.0029050359845426204,0.073,0.0,nan,nan,nan,nan,nan,nan,nan
27000,nan,nan,0.0017625319305807352,0.0003,26899,1.0,0.857,nan,nan,nan,nan,nan,nan,nan,-0.003915868911352361,0.059,0.0,nan,nan,nan,nan,nan,nan,nan
28000,nan,nan,0.002008930779993534,0.0003,27899,1.0,0.885,nan,nan,nan,nan,nan,nan,nan,-0.003767840645377277,0.067,0.0,nan,nan,nan,nan,nan,nan,nan
29000,nan,nan,0.002026729052886367,0.0003,28899,1.0,0.926,nan,nan,nan,nan,nan,nan,nan,-0.0019287745443569144,0.084,0.0,nan,nan,nan,nan,nan,nan,nan
30000,nan,nan,0.002052767900750041,0.0003,29899,1.0,0.895,nan,nan,nan,nan,nan,nan,nan,-0.003006400278508056,0.084,0.0,nan,nan,nan,nan,nan,nan,nan
31000,nan,nan,0.0019876679871231318,0.0003,30899,1.0,0.929,nan,nan,nan,nan,nan,nan,nan,-0.003729988921137106,0.085,0.0,nan,nan,nan,nan,nan,nan,nan
32000,nan,nan,0.00216709659434855,0.0003,31899,1.0,0.918,nan,nan,nan,nan,nan,nan,nan,-0.002830640278911083,0.051,0.0,nan,nan,nan,nan,nan,nan,nan
33000,nan,nan,0.002425153274089098,0.0003,32899,1.0,0.916,nan,nan,nan,nan,nan,nan,nan,-0.0028158814829896467,0.085,0.0,nan,nan,nan,nan,nan,nan,nan
34000,nan,nan,0.0023675549309700727,0.0003,33899,1.0,0.865,nan,nan,nan,nan,nan,nan,nan,-0.0035149279190845244,0.083,0.0,nan,nan,nan,nan,nan,nan,nan
35000,nan,nan,0.0024210121482610703,0.0003,34899,1.0,0.9,nan,nan,nan,nan,nan,nan,nan,-0.004617715424770962,0.066,0.0,nan,nan,nan,nan,nan,nan,nan
36000,nan,nan,0.0025798429269343615,0.0003,35899,1.0,0.878,nan,nan,nan,nan,nan,nan,nan,-0.0030221204145165635,0.031,0.0,nan,nan,nan,nan,nan,nan,nan
37000,nan,nan,0.002772172447293997,0.0003,36899,1.0,0.934,nan,nan,nan,nan,nan,nan,nan,-0.0031876973527085904,0.054,0.0,nan,nan,nan,nan,nan,nan,nan
38000,nan,nan,0.0027896908577531576,0.0003,37899,1.0,0.879,nan,nan,nan,nan,nan,nan,nan,-0.0034219292281381613,0.052,0.0,nan,nan,nan,nan,nan,nan,nan
39000,nan,nan,0.0028441266622394323,0.0003,38899,1.0,0.841,nan,nan,nan,nan,nan,nan,nan,-0.00374419847933836,0.058,0.0,nan,nan,nan,nan,nan,nan,nan
40000,nan,nan,0.002967814216390252,0.0003,39899,1.0,0.887,nan,nan,nan,nan,nan,nan,nan,-0.003198108170153545,0.076,0.0,nan,nan,nan,nan,nan,nan,nan
41000,nan,nan,0.0031244484707713127,0.0003,40899,1.0,0.917,nan,nan,nan,nan,nan,nan,nan,-0.0032193750382027634,0.079,0.0,nan,nan,nan,nan,nan,nan,nan
42000,nan,nan,0.0032554101198911667,0.0003,41899,1.0,0.858,nan,nan,nan,nan,nan,nan,nan,-0.0033056877997832777,0.053,0.0,nan,nan,nan,nan,nan,nan,nan
43000,nan,nan,0.0033170871902257204,0.0003,42899,1.0,0.862,nan,nan,nan,nan,nan,nan,nan,-0.0037546728094465165,0.086,0.0,nan,nan,nan,nan,nan,nan,nan
44000,nan,nan,0.0037317266687750816,0.0003,43899,1.0,0.904,nan,nan,nan,nan,nan,nan,nan,-0.003754013729005479,0.059,0.0,nan,nan,nan,nan,nan,nan,nan
45000,nan,nan,0.0038360042963176966,0.0003,44899,1.0,0.794,nan,nan,nan,nan,nan,nan,nan,-0.004188634178224076,0.047,0.0,nan,nan,nan,nan,nan,nan,nan
46000,nan,nan,0.0037541917990893126,0.0003,45899,1.0,0.835,nan,nan,nan,nan,nan,nan,nan,-0.003878028628877578,0.04,0.0,nan,nan,nan,nan,nan,nan,nan
47000,nan,nan,0.00382458558306098,0.0003,46899,1.0,0.887,nan,nan,nan,nan,nan,nan,nan,-0.0033447392741000385,0.097,0.0,nan,nan,nan,nan,nan,nan,nan
48000,nan,nan,0.004180557560175657,0.0003,47899,1.0,0.873,nan,nan,nan,nan,nan,nan,nan,-0.0033048891573917755,0.063,0.0,nan,nan,nan,nan,nan,nan,nan
49000,nan,nan,0.004658217076212168,0.0003,48899,1.0,0.823,nan,nan,nan,nan,nan,nan,nan,-0.0041205379589903885,0.072,0.0,nan,nan,nan,nan,nan,nan,nan
50000,nan,nan,0.004397461656481028,0.0003,49899,1.0,0.932,nan,nan,nan,nan,nan,nan,nan,-0.003833504131343128,0.155,0.0,nan,nan,nan,nan,nan,nan,nan
51000,nan,nan,0.004354361444711685,0.0003,50899,1.0,0.806,nan,nan,nan,nan,nan,nan,nan,-0.004194895063685868,0.047,0.0,nan,nan,nan,nan,nan,nan,nan
52000,nan,nan,0.004693386610597372,0.0003,51899,1.0,0.91,nan,nan,nan,nan,nan,nan,nan,-0.003429025719594145,0.078,0.0,nan,nan,nan,nan,nan,nan,nan
53000,nan,nan,0.004720965400338173,0.0003,52899,1.0,0.86,nan,nan,nan,nan,nan,nan,nan,-0.003757116506304706,0.059,0.0,nan,nan,nan,nan,nan,nan,nan
54000,nan,nan,0.004807773977518082,0.0003,53899,1.0,0.811,nan,nan,nan,nan,nan,nan,nan,-0.00454055844164742,0.072,0.0,nan,nan,nan,nan,nan,nan,nan
55000,nan,nan,0.005122893024235964,0.0003,54899,1.0,0.942,nan,nan,nan,nan,nan,nan,nan,-0.0029686006814072276,0.053,0.0,nan,nan,nan,nan,nan,nan,nan
56000,nan,nan,0.005334263667464256,0.0003,55899,1.0,0.874,nan,nan,nan,nan,nan,nan,nan,-0.0033177175433266566,0.089,0.0,nan,nan,nan,nan,nan,nan,nan
57000,nan,nan,0.005246835295110941,0.0003,56899,1.0,0.882,nan,nan,nan,nan,nan,nan,nan,-0.0028445822157849984,0.089,0.0,nan,nan,nan,nan,nan,nan,nan
58000,nan,nan,0.005403533577919006,0.0003,57899,1.0,0.942,nan,nan,nan,nan,nan,nan,nan,-0.002480317558968109,0.086,0.0,nan,nan,nan,nan,nan,nan,nan
59000,nan,nan,0.005427872762084007,0.0003,58899,1.0,0.857,nan,nan,nan,nan,nan,nan,nan,-0.0029865810675984753,0.085,0.0,nan,nan,nan,nan,nan,nan,nan
60000,nan,nan,0.0058823274448513985,0.0003,59899,1.0,0.86,nan,nan,nan,nan,nan,nan,nan,-0.0030588447222938855,0.1,0.0,nan,nan,nan,nan,nan,nan,nan
61000,nan,nan,0.00570277776569128,0.0003,60899,1.0,0.862,nan,nan,nan,nan,nan,nan,nan,-0.0034867401866262933,0.059,0.0,nan,nan,nan,nan,nan,nan,nan
62000,nan,nan,0.005761647596955299,0.0003,61899,1.0,0.925,nan,nan,nan,nan,nan,nan,nan,-0.0022747724584077727,0.085,0.0,nan,nan,nan,nan,nan,nan,nan
63000,nan,nan,0.0060353768058121204,0.0003,62899,1.0,0.929,nan,nan,nan,nan,nan,nan,nan,-0.0044523902105957774,0.098,0.0,nan,nan,nan,nan,nan,nan,nan
64000,nan,nan,0.005772484932094812,0.0003,63899,1.0,0.812,nan,nan,nan,nan,nan,nan,nan,-0.0031749732343869883,0.067,0.0,nan,nan,nan,nan,nan,nan,nan
65000,nan,nan,0.006279121618717909,0.0003,64899,1.0,0.822,nan,nan,nan,nan,nan,nan,nan,-0.004621057163260342,0.046,0.0,nan,nan,nan,nan,nan,nan,nan
66000,nan,nan,0.006448798812925816,0.0003,65899,1.0,0.927,nan,nan,nan,nan,nan,nan,nan,-0.002051948203990224,0.152,0.0,nan,nan,nan,nan,nan,nan,nan
67000,nan,nan,0.006008055992424488,0.0003,66899,1.0,0.878,nan,nan,nan,nan,nan,nan,nan,-0.00297266147005254,0.074,0.0,nan,nan,nan,nan,nan,nan,nan
68000,nan,nan,0.006147383712232113,0.0003,67899,1.0,0.86,nan,nan,nan,nan,nan,nan,nan,-0.004310997688515466,0.063,0.0,nan,nan,nan,nan,nan,nan,nan
69000,nan,nan,0.006629364565014839,0.0003,68899,1.0,0.841,nan,nan,nan,nan,nan,nan,nan,-0.003996788222444491,0.031,0.0,nan,nan,nan,nan,nan,nan,nan
70000,nan,nan,0.006575033534318209,0.0003,69899,1.0,0.759,nan,nan,nan,nan,nan,nan,nan,-0.004999012063710213,0.043,0.0,nan,nan,nan,nan,nan,nan,nan
71000,nan,nan,0.006011041812598705,0.0003,70899,1.0,0.883,nan,nan,nan,nan,nan,nan,nan,-0.002988536997615055,0.09,0.0,nan,nan,nan,nan,nan,nan,nan
72000,nan,nan,0.006313687656074762,0.0003,71899,1.0,0.881,nan,nan,nan,nan,nan,nan,nan,-0.0027818874362237228,0.097,0.0,nan,nan,nan,nan,nan,nan,nan
73000,nan,nan,0.00649668462574482,0.0003,72899,1.0,0.853,nan,nan,nan,nan,nan,nan,nan,-0.0037533020567751484,0.089,0.0,nan,nan,nan,nan,nan,nan,nan
74000,nan,nan,0.006773714441806078,0.0003,73899,1.0,0.865,nan,nan,nan,nan,nan,nan,nan,-0.003640883086390672,0.047,0.0,nan,nan,nan,nan,nan,nan,nan
75000,nan,nan,0.006217424292117357,0.0003,74899,1.0,0.872,nan,nan,nan,nan,nan,nan,nan,-0.003919250415789603,0.065,0.0,nan,nan,nan,nan,nan,nan,nan
76000,nan,nan,0.006789041683077812,0.0003,75899,1.0,0.883,nan,nan,nan,nan,nan,nan,nan,-0.0034771248875060863,0.077,0.0,nan,nan,nan,nan,nan,nan,nan
77000,nan,nan,0.006284135859459639,0.0003,76899,1.0,0.783,nan,nan,nan,nan,nan,nan,nan,-0.004314119065182107,0.084,0.0,nan,nan,nan,nan,nan,nan,nan
78000,nan,nan,0.0066754138097167015,0.0003,77899,1.0,0.927,nan,nan,nan,nan,nan,nan,nan,-0.0020635377697584703,0.146,0.0,nan,nan,nan,nan,nan,nan,nan
79000,nan,nan,0.006098756100982428,0.0003,78899,1.0,0.892,nan,nan,nan,nan,nan,nan,nan,-0.0035056417260109197,0.079,0.0,nan,nan,nan,nan,nan,nan,nan
80000,nan,nan,0.00612013041973114,0.0003,79899,1.0,0.839,nan,nan,nan,nan,nan,nan,nan,-0.0032540166221590454,0.082,0.0,nan,nan,nan,nan,nan,nan,nan
81000,nan,nan,0.006485294550657272,0.0003,80899,1.0,0.733,nan,nan,nan,nan,nan,nan,nan,-0.0049569510529559125,0.057,0.0,nan,nan,nan,nan,nan,nan,nan
82000,nan,nan,0.005831640679389238,0.0003,81899,1.0,0.778,nan,nan,nan,nan,nan,nan,nan,-0.0043483981208474205,0.079,0.0,nan,nan,nan,nan,nan,nan,nan
83000,nan,nan,0.006255989894270897,0.0003,82899,1.0,0.835,nan,nan,nan,nan,nan,nan,nan,-0.00395881036371364,0.043,0.0,nan,nan,nan,nan,nan,nan,nan
84000,nan,nan,0.005690445192158222,0.0003,83899,1.0,0.877,nan,nan,nan,nan,nan,nan,nan,-0.0028797234090203842,0.056,0.0,nan,nan,nan,nan,nan,nan,nan
85000,nan,nan,0.005766839720308781,0.0003,84899,1.0,0.91,nan,nan,nan,nan,nan,nan,nan,-0.0028366885950871887,0.113,0.0,nan,nan,nan,nan,nan,nan,nan
86000,nan,nan,0.005833829753100872,0.0003,85899,1.0,0.803,nan,nan,nan,nan,nan,nan,nan,-0.0033348710239890665,0.055,0.0,nan,nan,nan,nan,nan,nan,nan
87000,nan,nan,0.00527007644996047,0.0003,86899,1.0,0.854,nan,nan,nan,nan,nan,nan,nan,-0.003469258954778036,0.064,0.0,nan,nan,nan,nan,nan,nan,nan
88000,nan,nan,0.005575469695031643,0.0003,87899,1.0,0.696,nan,nan,nan,nan,nan,nan,nan,-0.005664297774260252,0.041,0.0,nan,nan,nan,nan,nan,nan,nan
89000,nan,nan,0.0052877673879265785,0.0003,88899,1.0,0.727,nan,nan,nan,nan,nan,nan,nan,-0.004386961739493707,0.046,0.0,nan,nan,nan,nan,nan,nan,nan
90000,nan,nan,0.004992975853383541,0.0003,89899,1.0,0.776,nan,nan,nan,nan,nan,nan,nan,-0.004853288580423125,0.042,0.0,nan,nan,nan,nan,nan,nan,nan
91000,nan,nan,0.004938499536365271,0.0003,90899,1.0,0.811,nan,nan,nan,nan,nan,nan,nan,-0.004561326977650299,0.039,0.0,nan,nan,nan,nan,nan,nan,nan
92000,nan,nan,0.004648059606552124,0.0003,91899,1.0,0.804,nan,nan,nan,nan,nan,nan,nan,-0.003870806721839739,0.047,0.0,nan,nan,nan,nan,nan,nan,nan
93000,nan,nan,0.004433877300471067,0.0003,92899,1.0,0.877,nan,nan,nan,nan,nan,nan,nan,-0.0034039593001898676,0.113,0.0,nan,nan,nan,nan,nan,nan,nan
94000,nan,nan,0.004290448501706123,0.0003,93899,1.0,0.821,nan,nan,nan,nan,nan,nan,nan,-0.0035472966261184792,0.067,0.0,nan,nan,nan,nan,nan,nan,nan
95000,nan,nan,0.004876523278653622,0.0003,94899,1.0,0.693,nan,nan,nan,nan,nan,nan,nan,-0.004711953708733302,0.026,0.0,nan,nan,nan,nan,nan,nan,nan
96000,nan,nan,0.004389189183712006,0.0003,95899,1.0,0.705,nan,nan,nan,nan,nan,nan,nan,-0.004342814831503896,0.027,0.0,nan,nan,nan,nan,nan,nan,nan
97000,nan,nan,0.004185388330370188,0.0003,96899,1.0,0.86,nan,nan,nan,nan,nan,nan,nan,-0.0036525049287442594,0.053,0.0,nan,nan,nan,nan,nan,nan,nan
98000,nan,nan,0.0037658761721104383,0.0003,97899,1.0,0.665,nan,nan,nan,nan,nan,nan,nan,-0.004494841587257298,0.042,0.0,nan,nan,nan,nan,nan,nan,nan
99000,nan,nan,0.0033474054653197527,0.0003,98899,1.0,0.746,nan,nan,nan,nan,nan,nan,nan,-0.004079832911501263,0.075,0.0,nan,nan,nan,nan,nan,nan,nan
100000,nan,nan,0.003693625796586275,0.0003,99899,1.0,0.64,nan,nan,nan,nan,nan,nan,nan,-0.004484243089295112,0.043,0.0,nan,nan,nan,nan,nan,nan,nan
101000,nan,nan,0.0035020257346332073,0.0003,100899,1.0,0.671,nan,nan,nan,nan,nan,nan,nan,-0.004851668030373189,0.071,0.0,nan,nan,nan,nan,nan,nan,nan
102000,nan,nan,0.003110911464318633,0.0003,101899,1.0,0.708,nan,nan,nan,nan,nan,nan,nan,-0.004601639056356579,0.051,0.0,nan,nan,nan,nan,nan,nan,nan
103000,nan,nan,0.0030711544677615166,0.0003,102899,1.0,0.663,nan,nan,nan,nan,nan,nan,nan,-0.004612621669824561,0.057,0.0,nan,nan,nan,nan,nan,nan,nan
104000,nan,nan,0.0027976916171610355,0.0003,103899,1.0,0.698,nan,nan,nan,nan,nan,nan,nan,-0.005382920677109064,0.052,0.0,nan,nan,nan,nan,nan,nan,nan
105000,nan,nan,0.003095598891377449,0.0003,104899,1.0,0.626,nan,nan,nan,nan,nan,nan,nan,-0.005545069459594847,0.058,0.0,nan,nan,nan,nan,nan,nan,nan
106000,nan,nan,0.0026659099385142326,0.0003,105899,1.0,0.653,nan,nan,nan,nan,nan,nan,nan,-0.0037800082782597387,0.05,0.0,nan,nan,nan,nan,nan,nan,nan
107000,nan,nan,0.0022680230904370546,0.0003,106899,1.0,0.789,nan,nan,nan,nan,nan,nan,nan,-0.0038072507422571666,0.079,0.0,nan,nan,nan,nan,nan,nan,nan
108000,nan,nan,0.0022359590511769056,0.0003,107899,1.0,0.743,nan,nan,nan,nan,nan,nan,nan,-0.005370810478820198,0.07,0.0,nan,nan,nan,nan,nan,nan,nan
109000,nan,nan,0.002185860415920615,0.0003,108899,1.0,0.756,nan,nan,nan,nan,nan,nan,nan,-0.004405863660826858,0.046,0.0,nan,nan,nan,nan,nan,nan,nan
110000,nan,nan,0.0026110948529094458,0.0003,109899,1.0,0.448,nan,nan,nan,nan,nan,nan,nan,-0.005819627878707332,0.034,0.0,nan,nan,nan,nan,nan,nan,nan
111000,nan,nan,0.002971227979287505,0.0003,110899,1.0,0.31,nan,nan,nan,nan,nan,nan,nan,-0.007022354501292087,0.045,0.0,nan,nan,nan,nan,nan,nan,nan
112000,nan,nan,0.002703738631680608,0.0003,111899,1.0,0.519,nan,nan,nan,nan,nan,nan,nan,-0.00548284746955458,0.078,0.0,nan,nan,nan,nan,nan,nan,nan
113000,nan,nan,0.0033374030608683825,0.0003,112899,1.0,0.237,nan,nan,nan,nan,nan,nan,nan,-0.006803982563799774,0.049,0.0,nan,nan,nan,nan,nan,nan,nan
114000,nan,nan,0.003652749350294471,0.0003,113899,1.0,0.217,nan,nan,nan,nan,nan,nan,nan,-0.006529129399765501,0.034,0.0,nan,nan,nan,nan,nan,nan,nan
115000,nan,nan,0.004209857899695635,0.0003,114899,1.0,0.153,nan,nan,nan,nan,nan,nan,nan,-0.007239746766069734,0.033,0.0,nan,nan,nan,nan,nan,nan,nan
116000,nan,nan,0.004319777246564627,0.0003,115899,1.0,0.165,nan,nan,nan,nan,nan,nan,nan,-0.007307589845209174,0.034,0.0,nan,nan,nan,nan,nan,nan,nan
117000,nan,nan,0.004845904652029276,0.0003,116899,1.0,0.188,nan,nan,nan,nan,nan,nan,nan,-0.007911793989259466,0.038,0.0,nan,nan,nan,nan,nan,nan,nan
118000,nan,nan,0.005913355853408575,0.0003,117899,1.0,0.153,nan,nan,nan,nan,nan,nan,nan,-0.006955656259487552,0.04,0.0,nan,nan,nan,nan,nan,nan,nan
119000,nan,nan,0.006469841580837965,0.0003,118899,1.0,0.139,nan,nan,nan,nan,nan,nan,nan,-0.007115554452342125,0.041,0.0,nan,nan,nan,nan,nan,nan,nan
120000,nan,nan,0.006064288318157196,0.0003,119899,1.0,0.167,nan,nan,nan,nan,nan,nan,nan,-0.007427666076033797,0.038,0.0,nan,nan,nan,nan,nan,nan,nan
121000,nan,nan,0.007148234639316797,0.0003,120899,1.0,0.12,nan,nan,nan,nan,nan,nan,nan,-0.0070191415559477275,0.047,0.0,nan,nan,nan,nan,nan,nan,nan
122000,nan,nan,0.007085785269737244,0.0003,121899,1.0,0.091,nan,nan,nan,nan,nan,nan,nan,-0.007048537903006167,0.03,0.0,nan,nan,nan,nan,nan,nan,nan
123000,nan,nan,0.006700591649860144,0.0003,122899,1.0,0.115,nan,nan,nan,nan,nan,nan,nan,-0.006690971802066258,0.06,0.0,nan,nan,nan,nan,nan,nan,nan
124000,nan,nan,0.005905834957957268,0.0003,123899,1.0,0.122,nan,nan,nan,nan,nan,nan,nan,-0.006975224538038545,0.066,0.0,nan,nan,nan,nan,nan,nan,nan
125000,nan,nan,0.005795323755592108,0.0003,124899,1.0,0.115,nan,nan,nan,nan,nan,nan,nan,-0.006694314516357892,0.033,0.0,nan,nan,nan,nan,nan,nan,nan
126000,nan,nan,0.005201386287808418,0.0003,125899,1.0,0.121,nan,nan,nan,nan,nan,nan,nan,-0.006133588494130934,0.06,0.0,nan,nan,nan,nan,nan,nan,nan
127000,nan,nan,0.004344002343714237,0.0003,126899,1.0,0.107,nan,nan,nan,nan,nan,nan,nan,-0.005764565491850919,0.079,0.0,nan,nan,nan,nan,nan,nan,nan
128000,nan,nan,0.0035539702512323856,0.0003,127899,1.0,0.117,nan,nan,nan,nan,nan,nan,nan,-0.006188903038660163,0.042,0.0,nan,nan,nan,nan,nan,nan,nan
129000,nan,nan,0.0029970842879265547,0.0003,128899,1.0,0.1,nan,nan,nan,nan,nan,nan,nan,-0.006532759891445643,0.053,0.0,nan,nan,nan,nan,nan,nan,nan
130000,nan,nan,0.0025519677437841892,0.0003,129899,1.0,0.107,nan,nan,nan,nan,nan,nan,nan,-0.006503595408983449,0.046,0.0,nan,nan,nan,nan,nan,nan,nan
131000,nan,nan,0.002112159039825201,0.0003,130899,1.0,0.12,nan,nan,nan,nan,nan,nan,nan,-0.0060581156646871805,0.08,0.0,nan,nan,nan,nan,nan,nan,nan
132000,nan,nan,0.001536041498184204,0.0003,131899,1.0,0.104,nan,nan,nan,nan,nan,nan,nan,-0.0068959379126980885,0.028,0.0,nan,nan,nan,nan,nan,nan,nan
133000,nan,nan,0.0012947904178872705,0.0003,132899,1.0,0.113,nan,nan,nan,nan,nan,nan,nan,-0.005728560455876781,0.051,0.0,nan,nan,nan,nan,nan,nan,nan
134000,nan,nan,0.000920435122679919,0.0003,133899,1.0,0.102,nan,nan,nan,nan,nan,nan,nan,-0.006448020846520564,0.053,0.0,nan,nan,nan,nan,nan,nan,nan
135000,nan,nan,0.0007017148891463876,0.0003,134899,1.0,0.14,nan,nan,nan,nan,nan,nan,nan,-0.007692228756820568,0.03,0.0,nan,nan,nan,nan,nan,nan,nan
136000,nan,nan,0.0005998809356242418,0.0003,135899,1.0,0.149,nan,nan,nan,nan,nan,nan,nan,-0.006116718303572864,0.037,0.0,nan,nan,nan,nan,nan,nan,nan
137000,nan,nan,0.00043491527321748435,0.0003,136899,1.0,0.175,nan,nan,nan,nan,nan,nan,nan,-0.006268236409541828,0.055,0.0,nan,nan,nan,nan,nan,nan,nan
138000,nan,nan,0.0003101897891610861,0.0003,137899,1.0,0.166,nan,nan,nan,nan,nan,nan,nan,-0.006923258501821141,0.04,0.0,nan,nan,nan,nan,nan,nan,nan
139000,nan,nan,0.00026180752320215106,0.0003,138899,1.0,0.141,nan,nan,nan,nan,nan,nan,nan,-0.0055928658472443864,0.078,0.0,nan,nan,nan,nan,nan,nan,nan
140000,nan,nan,0.00019515962048899382,0.0003,139899,1.0,0.128,nan,nan,nan,nan,nan,nan,nan,-0.007213942819212422,0.036,0.0,nan,nan,nan,nan,nan,nan,nan
141000,nan,nan,0.00014949985779821873,0.0003,140899,1.0,0.15,nan,nan,nan,nan,nan,nan,nan,-0.007170932338492222,0.039,0.0,nan,nan,nan,nan,nan,nan,nan
142000,nan,nan,0.00014054984785616398,0.0003,141899,1.0,0.109,nan,nan,nan,nan,nan,nan,nan,-0.005682213465110874,0.089,0.0,nan,nan,nan,nan,nan,nan,nan
143000,nan,nan,9.832183422986418e-05,0.0003,142899,1.0,0.128,nan,nan,nan,nan,nan,nan,nan,-0.007495458320637914,0.037,0.0,nan,nan,nan,nan,nan,nan,nan
144000,nan,nan,9.951536048902199e-05,0.0003,143899,1.0,0.124,nan,nan,nan,nan,nan,nan,nan,-0.007512736066350056,0.061,0.0,nan,nan,nan,nan,nan,nan,nan
145000,nan,nan,8.414067997364327e-05,0.0003,144899,1.0,0.118,nan,nan,nan,nan,nan,nan,nan,-0.006376205562735786,0.043,0.0,nan,nan,nan,nan,nan,nan,nan
146000,nan,nan,7.13290210114792e-05,0.0003,145899,1.0,0.127,nan,nan,nan,nan,nan,nan,nan,-0.006949670248646222,0.036,0.0,nan,nan,nan,nan,nan,nan,nan
147000,nan,nan,5.9036239690613e-05,0.0003,146899,1.0,0.252,nan,nan,nan,nan,nan,nan,nan,-0.0047892390352685735,0.053,0.0,nan,nan,nan,nan,nan,nan,nan
148000,nan,nan,5.1036724471487105e-05,0.0003,147899,1.0,0.209,nan,nan,nan,nan,nan,nan,nan,-0.005811385270894806,0.083,0.0,nan,nan,nan,nan,nan,nan,nan
149000,nan,nan,4.744224497699179e-05,0.0003,148899,1.0,0.123,nan,nan,nan,nan,nan,nan,nan,-0.006626544032337448,0.067,0.0,nan,nan,nan,nan,nan,nan,nan
150000,nan,nan,3.203078449587338e-05,0.0003,149899,1.0,0.146,nan,nan,nan,nan,nan,nan,nan,-0.006729479104512072,0.052,0.0,nan,nan,nan,nan,nan,nan,nan
151000,nan,nan,2.541898538765963e-05,0.0003,150899,1.0,0.215,nan,nan,nan,nan,nan,nan,nan,-0.0038289425458369187,0.137,0.0,nan,nan,nan,nan,nan,nan,nan
152000,nan,nan,2.3559688997920603e-05,0.0003,151899,1.0,0.344,nan,nan,nan,nan,nan,nan,nan,-0.004127253286835371,0.04,0.0,nan,nan,nan,nan,nan,nan,nan
153000,nan,nan,3.243018363718875e-05,0.0003,152899,1.0,0.056,nan,nan,nan,nan,nan,nan,nan,-0.00502829944033106,0.067,0.0,nan,nan,nan,nan,nan,nan,nan
154000,nan,nan,3.2060459489002824e-05,0.0003,153899,1.0,0.061,nan,nan,nan,nan,nan,nan,nan,-0.006114441977014448,0.046,0.0,nan,nan,nan,nan,nan,nan,nan
155000,nan,nan,2.7032961952500045e-05,0.0003,154899,1.0,0.107,nan,nan,nan,nan,nan,nan,nan,-0.007277153797870785,0.044,0.0,nan,nan,nan,nan,nan,nan,nan
156000,nan,nan,1.9730603526113555e-05,0.0003,155899,1.0,0.095,nan,nan,nan,nan,nan,nan,nan,-0.0066632138211165795,0.029,0.0,nan,nan,nan,nan,nan,nan,nan
157000,nan,nan,1.3516835679183714e-05,0.0003,156899,1.0,0.556,nan,nan,nan,nan,nan,nan,nan,-0.003982384676973855,0.336,0.0,nan,nan,nan,nan,nan,nan,nan
158000,nan,nan,1.0816675967362244e-05,0.0003,157899,1.0,1.0,nan,nan,nan,nan,nan,nan,nan,-2.1906959724801953e-05,0.953,0.0,nan,nan,nan,nan,nan,nan,nan
159000,nan,nan,1.2400090781738982e-05,0.0003,158899,1.0,1.0,nan,nan,nan,nan,nan,nan,nan,0.0,1.0,0.0,nan,nan,nan,nan,nan,nan,nan
160000,nan,nan,1.6010881154215895e-05,0.0003,159899,1.0,1.0,nan,nan,nan,nan,nan,nan,nan,0.0,1.0,0.0,nan,nan,nan,nan,nan,nan,nan
161000,nan,nan,1.6184030755539425e-05,0.0003,160899,1.0,1.0,nan,nan,nan,nan,nan,nan,nan,-1.3615396672274677e-05,0.975,0.0,nan,nan,nan,nan,nan,nan,nan
162000,nan,nan,1.4672498764412012e-05,0.0003,161899,1.0,1.0,nan,nan,nan,nan,nan,nan,nan,-1.55586345419778e-06,0.982,0.0,nan,nan,nan,nan,nan,nan,nan
163000,nan,nan,1.389973931509303e-05,0.0003,162899,1.0,1.0,nan,nan,nan,nan,nan,nan,nan,-2.209022112872382e-07,0.996,0.0,nan,nan,nan,nan,nan,nan,nan
164000,nan,nan,1.67668767971918e-05,0.0003,163899,1.0,1.0,nan,nan,nan,nan,nan,nan,nan,-1.944027521534286e-08,0.997,0.0,nan,nan,nan,nan,nan,nan,nan
165000,nan,nan,2.0637422494473867e-05,0.0003,164899,1.0,1.0,nan,nan,nan,nan,nan,nan,nan,0.0,1.0,0.0,nan,nan,nan,nan,nan,nan,nan
166000,nan,nan,2.6895875635091215e-05,0.0003,165899,1.0,1.0,nan,nan,nan,nan,nan,nan,nan,-2.6410942138163357e-07,0.998,0.0,nan,nan,nan,nan,nan,nan,nan
167000,nan,nan,3.1216724892146885e-05,0.0003,166899,1.0,1.0,nan,nan,nan,nan,nan,nan,nan,-3.191500386532584e-07,0.995,0.0,nan,nan,nan,nan,nan,nan,nan
168000,nan,nan,3.3186581276822835e-05,0.0003,167899,1.0,1.0,nan,nan,nan,nan,nan,nan,nan,-7.241703887271103e-08,0.999,0.0,nan,nan,nan,nan,nan,nan,nan
169000,nan,nan,3.652745726867579e-05,0.0003,168899,1.0,1.0,nan,nan,nan,nan,nan,nan,nan,-7.781164662106938e-08,0.998,0.0,nan,nan,nan,nan,nan,nan,nan
170000,nan,nan,3.774444121518172e-05,0.0003,169899,1.0,1.0,nan,nan,nan,nan,nan,nan,nan,-6.163505144261168e-08,0.993,0.0,nan,nan,nan,nan,nan,nan,nan
171000,nan,nan,4.081863153260201e-05,0.0003,170899,1.0,1.0,nan,nan,nan,nan,nan,nan,nan,0.0,1.0,0.0,nan,nan,nan,nan,nan,nan,nan
172000,nan,nan,4.276063191355206e-05,0.0003,171899,1.0,1.0,nan,nan,nan,nan,nan,nan,nan,0.0,1.0,0.0,nan,nan,nan,nan,nan,nan,nan
173000,nan,nan,4.805988282896578e-05,0.0003,172899,1.0,1.0,nan,nan,nan,nan,nan,nan,nan,0.0,1.0,0.0,nan,nan,nan,nan,nan,nan,nan
174000,nan,nan,4.956688644597307e-05,0.0003,173899,1.0,1.0,nan,nan,nan,nan,nan,nan,nan,-5.197003965743381e-07,0.995,0.0,nan,nan,nan,nan,nan,nan,nan
175000,nan,nan,6.0346916143316776e-05,0.0003,174899,1.0,1.0,nan,nan,nan,nan,nan,nan,nan,0.0,1.0,0.0,nan,nan,nan,nan,nan,nan,nan
176000,nan,nan,4.9387675971956924e-05,0.0003,175899,1.0,1.0,nan,nan,nan,nan,nan,nan,nan,0.0,1.0,0.0,nan,nan,nan,nan,nan,nan,nan
177000,nan,nan,5.5970402172533795e-05,0.0003,176899,1.0,1.0,nan,nan,nan,nan,nan,nan,nan,-3.031175440996463e-08,0.998,0.0,nan,nan,nan,nan,nan,nan,nan
178000,nan,nan,6.671893788734451e-05,0.0003,177899,1.0,1.0,nan,nan,nan,nan,nan,nan,nan,-3.857088060850582e-07,0.995,0.0,nan,nan,nan,nan,nan,nan,nan
179000,nan,nan,7.216631638584659e-05,0.0003,178899,1.0,1.0,nan,nan,nan,nan,nan,nan,nan,-7.25441197379582e-08,0.998,0.0,nan,nan,nan,nan,nan,nan,nan
180000,nan,nan,7.566110434709117e-05,0.0003,179899,1.0,1.0,nan,nan,nan,nan,nan,nan,nan,-5.999494840970859e-09,0.999,0.0,nan,nan,nan,nan,nan,nan,nan
181000,nan,nan,6.394282536348328e-05,0.0003,180899,1.0,1.0,nan,nan,nan,nan,nan,nan,nan,-2.210180098698257e-07,0.996,0.0,nan,nan,nan,nan,nan,nan,nan
182000,nan,nan,6.84611004544422e-05,0.0003,181899,1.0,1.0,nan,nan,nan,nan,nan,nan,nan,-1.26156533736832e-07,0.997,0.0,nan,nan,nan,nan,nan,nan,nan
183000,nan,nan,6.933339318493381e-05,0.0003,182899,1.0,1.0,nan,nan,nan,nan,nan,nan,nan,-3.7975011559493877e-06,0.987,0.0,nan,nan,nan,nan,nan,nan,nan
184000,nan,nan,7.57187808630988e-05,0.0003,183899,1.0,1.0,nan,nan,nan,nan,nan,nan,nan,-1.393928950348146e-07,0.995,0.0,nan,nan,nan,nan,nan,nan,nan
185000,nan,nan,7.727429328951985e-05,0.0003,184899,1.0,1.0,nan,nan,nan,nan,nan,nan,nan,-1.407791190667602e-08,0.998,0.0,nan,nan,nan,nan,nan,nan,nan
186000,nan,nan,7.161010580603033e-05,0.0003,185899,1.0,1.0,nan,nan,nan,nan,nan,nan,nan,-4.093496101443968e-07,0.991,0.0,nan,nan,nan,nan,nan,nan,nan
187000,nan,nan,7.049075065879151e-05,0.0003,186899,1.0,1.0,nan,nan,nan,nan,nan,nan,nan,-1.8585502538313071e-07,0.99,0.0,nan,nan,nan,nan,nan,nan,nan
188000,nan,nan,7.156272477004677e-05,0.0003,187899,1.0,1.0,nan,nan,nan,nan,nan,nan,nan,0.0,1.0,0.0,nan,nan,nan,nan,nan,nan,nan
189000,nan,nan,7.072049629641697e-05,0.0003,188899,1.0,1.0,nan,nan,nan,nan,nan,nan,nan,0.0,1.0,0.0,nan,nan,nan,nan,nan,nan,nan
190000,nan,nan,8.64445319166407e-05,0.0003,189899,1.0,1.0,nan,nan,nan,nan,nan,nan,nan,-2.1531261132028426e-07,0.991,0.0,nan,nan,nan,nan,nan,nan,nan
191000,nan,nan,8.748578693484887e-05,0.0003,190899,1.0,1.0,nan,nan,nan,nan,nan,nan,nan,-5.369299358381106e-08,0.999,0.0,nan,nan,nan,nan,nan,nan,nan
192000,nan,nan,8.934258221415803e-05,0.0003,191899,1.0,1.0,nan,nan,nan,nan,nan,nan,nan,-3.6969281709084743e-07,0.992,0.0,nan,nan,nan,nan,nan,nan,nan
193000,nan,nan,0.0001079057328752242,0.0003,192899,1.0,1.0,nan,nan,nan,nan,nan,nan,nan,-8.404653697070412e-08,0.991,0.0,nan,nan,nan,nan,nan,nan,nan
194000,nan,nan,0.00011426860874053091,0.0003,193899,1.0,1.0,nan,nan,nan,nan,nan,nan,nan,-7.311821438950715e-08,0.997,0.0,nan,nan,nan,nan,nan,nan,nan
195000,nan,nan,0.00011607338819885626,0.0003,194899,1.0,1.0,nan,nan,nan,nan,nan,nan,nan,-4.167203103458324e-08,0.999,0.0,nan,nan,nan,nan,nan,nan,nan
196000,nan,nan,0.00011554161028470844,0.0003,195899,1.0,1.0,nan,nan,nan,nan,nan,nan,nan,-1.7004345989672406e-07,0.996,0.0,nan,nan,nan,nan,nan,nan,nan
197000,nan,nan,0.00011930949403904378,0.0003,196899,1.0,1.0,nan,nan,nan,nan,nan,nan,nan,-1.7718917441180998e-07,0.998,0.0,nan,nan,nan,nan,nan,nan,nan
198000,nan,nan,0.00011588259803829715,0.0003,197899,1.0,1.0,nan,nan,nan,nan,nan,nan,nan,-8.244477199963263e-08,0.995,0.0,nan,nan,nan,nan,nan,nan,nan
199000,nan,nan,0.00011868895671796054,0.0003,198899,1.0,1.0,nan,nan,nan,nan,nan,nan,nan,0.0,1.0,0.0,nan,nan,nan,nan,nan,nan,nan
200000,nan,nan,0.00012196214811410755,0.0003,199899,1.0,1.0,nan,nan,nan,nan,nan,nan,nan,-3.86397083216802e-08,0.995,0.0,nan,nan,nan,nan,nan,nan,nan
201000,nan,nan,0.00010807762009790167,0.0003,200899,1.0,1.0,nan,nan,nan,nan,nan,nan,nan,-9.288978436480535e-06,0.95,0.0,nan,nan,nan,nan,nan,nan,nan
202000,nan,nan,0.00010783506149891764,0.0003,201899,1.0,1.0,nan,nan,nan,nan,nan,nan,nan,-9.49605915784163e-08,0.993,0.0,nan,nan,nan,nan,nan,nan,nan
203000,nan,nan,0.00012350446195341647,0.0003,202899,1.0,1.0,nan,nan,nan,nan,nan,nan,nan,-5.5381477235079565e-09,0.999,0.0,nan,nan,nan,nan,nan,nan,nan
204000,nan,nan,0.00012167809472884983,0.0003,203899,1.0,1.0,nan,nan,nan,nan,nan,nan,nan,-1.34074596562166e-07,0.993,0.0,nan,nan,nan,nan,nan,nan,nan
205000,nan,nan,0.00011924510909011588,0.0003,204899,1.0,1.0,nan,nan,nan,nan,nan,nan,nan,-1.2383230727446792e-08,0.999,0.0,nan,nan,nan,nan,nan,nan,nan
206000,nan,nan,0.0001163418055512011,0.0003,205899,1.0,1.0,nan,nan,nan,nan,nan,nan,nan,-5.83122229732831e-07,0.966,0.0,nan,nan,nan,nan,nan,nan,nan
207000,nan,nan,0.00012036789848934859,0.0003,206899,1.0,1.0,nan,nan,nan,nan,nan,nan,nan,-6.827811861810375e-07,0.995,0.0,nan,nan,nan,nan,nan,nan,nan
208000,nan,nan,0.0001288688217755407,0.0003,207899,1.0,1.0,nan,nan,nan,nan,nan,nan,nan,-1.3312059592896162e-06,0.992,0.0,nan,nan,nan,nan,nan,nan,nan
209000,nan,nan,0.00013196172949392349,0.0003,208899,1.0,1.0,nan,nan,nan,nan,nan,nan,nan,-4.1593095451437194e-07,0.997,0.0,nan,nan,nan,nan,nan,nan,nan
210000,nan,nan,0.0001359600282739848,0.0003,209899,1.0,1.0,nan,nan,nan,nan,nan,nan,nan,-2.1476745615875154e-07,0.993,0.0,nan,nan,nan,nan,nan,nan,nan
211000,nan,nan,0.00012042071466566995,0.0003,210899,1.0,1.0,nan,nan,nan,nan,nan,nan,nan,-9.499221332225217e-07,0.993,0.0,nan,nan,nan,nan,nan,nan,nan
212000,nan,nan,0.00012930153752677143,0.0003,211899,1.0,1.0,nan,nan,nan,nan,nan,nan,nan,-1.0944888452167756e-06,0.985,0.0,nan,nan,nan,nan,nan,nan,nan
213000,nan,nan,0.0001303650060435757,0.0003,212899,1.0,1.0,nan,nan,nan,nan,nan,nan,nan,-5.536676979843617e-08,0.997,0.0,nan,nan,nan,nan,nan,nan,nan
214000,nan,nan,0.0001120477681979537,0.0003,213899,1.0,1.0,nan,nan,nan,nan,nan,nan,nan,-1.1726765718795514e-06,0.996,0.0,nan,nan,nan,nan,nan,nan,nan
215000,nan,nan,0.00010964880493702367,0.0003,214899,1.0,1.0,nan,nan,nan,nan,nan,nan,nan,-2.750375527405489e-08,0.997,0.0,nan,nan,nan,nan,nan,nan,nan
216000,nan,nan,0.00011184182949364185,0.0003,215899,1.0,1.0,nan,nan,nan,nan,nan,nan,nan,0.0,1.0,0.0,nan,nan,nan,nan,nan,nan,nan
217000,nan,nan,0.00012504911865107715,0.0003,216899,1.0,1.0,nan,nan,nan,nan,nan,nan,nan,0.0,1.0,0.0,nan,nan,nan,nan,nan,nan,nan
218000,nan,nan,0.0001405680668540299,0.0003,217899,1.0,1.0,nan,nan,nan,nan,nan,nan,nan,-1.0767292434645024e-05,0.957,0.0,nan,nan,nan,nan,nan,nan,nan
219000,nan,nan,0.00013910845154896379,0.0003,218899,1.0,1.0,nan,nan,nan,nan,nan,nan,nan,-3.537660111344052e-08,0.996,0.0,nan,nan,nan,nan,nan,nan,nan
220000,nan,nan,0.0001411335833836347,0.0003,219899,1.0,1.0,nan,nan,nan,nan,nan,nan,nan,-1.3102223042179361e-08,0.999,0.0,nan,nan,nan,nan,nan,nan,nan
221000,nan,nan,0.00013739211135543883,0.0003,220899,1.0,1.0,nan,nan,nan,nan,nan,nan,nan,-2.5689987405998147e-07,0.998,0.0,nan,nan,nan,nan,nan,nan,nan
222000,nan,nan,0.00013514755119103938,0.0003,221899,1.0,1.0,nan,nan,nan,nan,nan,nan,nan,-4.5589845660855205e-07,0.994,0.0,nan,nan,nan,nan,nan,nan,nan
223000,nan,nan,0.00013474370643962175,0.0003,222899,1.0,1.0,nan,nan,nan,nan,nan,nan,nan,-6.889763906653311e-07,0.996,0.0,nan,nan,nan,nan,nan,nan,nan
224000,nan,nan,0.00013889397087041289,0.0003,223899,1.0,1.0,nan,nan,nan,nan,nan,nan,nan,-3.660275558837374e-08,0.997,0.0,nan,nan,nan,nan,nan,nan,nan
225000,nan,nan,0.0001440183841623366,0.0003,224899,1.0,1.0,nan,nan,nan,nan,nan,nan,nan,-3.863241588828372e-07,0.994,0.0,nan,nan,nan,nan,nan,nan,nan
226000,nan,nan,0.00016914884326979518,0.0003,225899,1.0,1.0,nan,nan,nan,nan,nan,nan,nan,-2.20585601049947e-05,0.917,0.0,nan,nan,nan,nan,nan,nan,nan
227000,nan,nan,0.00013477866014000028,0.0003,226899,1.0,1.0,nan,nan,nan,nan,nan,nan,nan,-8.974627170001534e-07,0.96,0.0,nan,nan,nan,nan,nan,nan,nan
228000,nan,nan,0.00010544651740929112,0.0003,227899,1.0,1.0,nan,nan,nan,nan,nan,nan,nan,-2.6607150774546735e-06,0.962,0.0,nan,nan,nan,nan,nan,nan,nan
229000,nan,nan,8.40550274006091e-05,0.0003,228899,1.0,1.0,nan,nan,nan,nan,nan,nan,nan,-5.616332388519963e-07,0.988,0.0,nan,nan,nan,nan,nan,nan,nan
230000,nan,nan,0.0001002887001959607,0.0003,229899,1.0,1.0,nan,nan,nan,nan,nan,nan,nan,-1.6182311518880182e-06,0.994,0.0,nan,nan,nan,nan,nan,nan,nan
231000,nan,nan,0.00010616171493893489,0.0003,230899,1.0,1.0,nan,nan,nan,nan,nan,nan,nan,-3.73913959793983e-07,0.991,0.0,nan,nan,nan,nan,nan,nan,nan
232000,nan,nan,0.00010969347204081714,0.0003,231899,1.0,1.0,nan,nan,nan,nan,nan,nan,nan,0.0,1.0,0.0,nan,nan,nan,nan,nan,nan,nan
233000,nan,nan,0.00012052182137267664,0.0003,232899,1.0,1.0,nan,nan,nan,nan,nan,nan,nan,-3.889505051720353e-08,0.997,0.0,nan,nan,nan,nan,nan,nan,nan
234000,nan,nan,0.0001336633722530678,0.0003,233899,1.0,1.0,nan,nan,nan,nan,nan,nan,nan,0.0,1.0,0.0,nan,nan,nan,nan,nan,nan,nan
235000,nan,nan,0.00013751442020293325,0.0003,234899,1.0,1.0,nan,nan,nan,nan,nan,nan,nan,-1.905106485845832e-08,0.998,0.0,nan,nan,nan,nan,nan,nan,nan
236000,nan,nan,0.00013921184290666133,0.0003,235899,1.0,1.0,nan,nan,nan,nan,nan,nan,nan,-1.2140420530421701e-07,0.985,0.0,nan,nan,nan,nan,nan,nan,nan
237000,nan,nan,0.00014446421118918806,0.0003,236899,1.0,1.0,nan,nan,nan,nan,nan,nan,nan,-1.9994389779847263e-07,0.999,0.0,nan,nan,nan,nan,nan,nan,nan
238000,nan,nan,0.00014614676183555275,0.0003,237899,1.0,1.0,nan,nan,nan,nan,nan,nan,nan,0.0,1.0,0.0,nan,nan,nan,nan,nan,nan,nan
239000,nan,nan,0.00015158775204326957,0.0003,238899,1.0,1.0,nan,nan,nan,nan,nan,nan,nan,-9.399882075651698e-08,0.985,0.0,nan,nan,nan,nan,nan,nan,nan
240000,nan,nan,0.00015417489339597523,0.0003,239899,1.0,1.0,nan,nan,nan,nan,nan,nan,nan,-1.5954118348873196e-07,0.997,0.0,nan,nan,nan,nan,nan,nan,nan
241000,nan,nan,0.00015540973981842399,0.0003,240899,1.0,1.0,nan,nan,nan,nan,nan,nan,nan,-1.1379102681300694e-07,0.997,0.0,nan,nan,nan,nan,nan,nan,nan
242000,nan,nan,0.00015487238124478608,0.0003,241899,1.0,1.0,nan,nan,nan,nan,nan,nan,nan,-1.176230704559503e-08,0.996,0.0,nan,nan,nan,nan,nan,nan,nan
243000,nan,nan,0.00015369572793133557,0.0003,242899,1.0,1.0,nan,nan,nan,nan,nan,nan,nan,-4.934609760211239e-07,0.997,0.0,nan,nan,nan,nan,nan,nan,nan
244000,nan,nan,0.0001584842975717038,0.0003,243899,1.0,1.0,nan,nan,nan,nan,nan,nan,nan,-1.16013924384264e-07,0.995,0.0,nan,nan,nan,nan,nan,nan,nan
245000,nan,nan,0.00015714677283540368,0.0003,244899,1.0,1.0,nan,nan,nan,nan,nan,nan,nan,0.0,1.0,0.0,nan,nan,nan,nan,nan,nan,nan
246000,nan,nan,0.0001614237407920882,0.0003,245899,1.0,1.0,nan,nan,nan,nan,nan,nan,nan,-1.6293458369585352e-07,0.998,0.0,nan,nan,nan,nan,nan,nan,nan
247000,nan,nan,0.00015756470384076238,0.0003,246899,1.0,1.0,nan,nan,nan,nan,nan,nan,nan,-1.0474940625612002e-06,0.992,0.0,nan,nan,nan,nan,nan,nan,nan
248000,nan,nan,0.00015844318841118366,0.0003,247899,1.0,1.0,nan,nan,nan,nan,nan,nan,nan,-2.829116977718419e-06,0.991,0.0,nan,nan,nan,nan,nan,nan,nan
249000,nan,nan,0.00015409845218528062,0.0003,248899,1.0,1.0,nan,nan,nan,nan,nan,nan,nan,-7.138214384489761e-07,0.978,0.0,nan,nan,nan,nan,nan,nan,nan
250000,nan,nan,0.0001537045172881335,0.0003,249899,1.0,1.0,nan,nan,nan,nan,nan,nan,nan,-1.5371980104844879e-06,0.996,0.0,nan,nan,nan,nan,nan,nan,nan
251000,nan,nan,0.0001515694020781666,0.0003,250899,1.0,1.0,nan,nan,nan,nan,nan,nan,nan,-8.18895141584966e-09,0.998,0.0,nan,nan,nan,nan,nan,nan,nan
252000,nan,nan,0.0001537595089757815,0.0003,251899,1.0,1.0,nan,nan,nan,nan,nan,nan,nan,-2.4530378299599183e-06,0.969,0.0,nan,nan,nan,nan,nan,nan,nan
253000,nan,nan,0.0001518235803814605,0.0003,252899,1.0,1.0,nan,nan,nan,nan,nan,nan,nan,-6.850774133475091e-08,0.996,0.0,nan,nan,nan,nan,nan,nan,nan
254000,nan,nan,0.0001536360796308145,0.0003,253899,1.0,1.0,nan,nan,nan,nan,nan,nan,nan,-1.5648074789904294e-09,0.999,0.0,nan,nan,nan,nan,nan,nan,nan
255000,nan,nan,0.0001512237504357472,0.0003,254899,1.0,1.0,nan,nan,nan,nan,nan,nan,nan,-2.3287606033129695e-08,0.999,0.0,nan,nan,nan,nan,nan,nan,nan
256000,nan,nan,0.00014902171096764505,0.0003,255899,1.0,1.0,nan,nan,nan,nan,nan,nan,nan,-1.983481596899896e-07,0.988,0.0,nan,nan,nan,nan,nan,nan,nan
257000,nan,nan,0.00015027217159513384,0.0003,256899,1.0,1.0,nan,nan,nan,nan,nan,nan,nan,-2.0230730926026576e-06,0.988,0.0,nan,nan,nan,nan,nan,nan,nan
258000,nan,nan,0.0001461731008021161,0.0003,257899,1.0,1.0,nan,nan,nan,nan,nan,nan,nan,-9.75950103877335e-07,0.979,0.0,nan,nan,nan,nan,nan,nan,nan
259000,nan,nan,0.00014378658670466393,0.0003,258899,1.0,1.0,nan,nan,nan,nan,nan,nan,nan,-2.660806832404667e-08,0.997,0.0,nan,nan,nan,nan,nan,nan,nan
260000,nan,nan,0.00014552826178260148,0.0003,259899,1.0,1.0,nan,nan,nan,nan,nan,nan,nan,-6.008647834736115e-07,0.993,0.0,nan,nan,nan,nan,nan,nan,nan
261000,nan,nan,0.00014419746003113687,0.0003,260899,1.0,1.0,nan,nan,nan,nan,nan,nan,nan,-8.786892805468106e-09,0.999,0.0,nan,nan,nan,nan,nan,nan,nan
262000,nan,nan,0.00014084141002967954,0.0003,261899,1.0,1.0,nan,nan,nan,nan,nan,nan,nan,0.0,1.0,0.0,nan,nan,nan,nan,nan,nan,nan
263000,nan,nan,0.00014143108273856342,0.0003,262899,1.0,1.0,nan,nan,nan,nan,nan,nan,nan,-7.018064123204316e-09,0.999,0.0,nan,nan,nan,nan,nan,nan,nan
264000,nan,nan,0.00012983856140635908,0.0003,263899,1.0,1.0,nan,nan,nan,nan,nan,nan,nan,-4.093417051544015e-09,0.999,0.0,nan,nan,nan,nan,nan,nan,nan
265000,nan,nan,0.00015181503840722144,0.0003,264899,1.0,1.0,nan,nan,nan,nan,nan,nan,nan,-2.099608078854982e-08,0.998,0.0,nan,nan,nan,nan,nan,nan,nan
266000,nan,nan,0.00015896551485639066,0.0003,265899,1.0,1.0,nan,nan,nan,nan,nan,nan,nan,-3.793265707738364e-07,0.989,0.0,nan,nan,nan,nan,nan,nan,nan
267000,nan,nan,0.0001628220488782972,0.0003,266899,1.0,1.0,nan,nan,nan,nan,nan,nan,nan,-7.212022494195679e-06,0.971,0.0,nan,nan,nan,nan,nan,nan,nan
268000,nan,nan,0.00015884653839748353,0.0003,267899,1.0,1.0,nan,nan,nan,nan,nan,nan,nan,-9.057870188830843e-07,0.994,0.0,nan,nan,nan,nan,nan,nan,nan
269000,nan,nan,0.00015523140609730035,0.0003,268899,1.0,1.0,nan,nan,nan,nan,nan,nan,nan,-3.6722322402551837e-06,0.971,0.0,nan,nan,nan,nan,nan,nan,nan
270000,nan,nan,0.00015808125317562371,0.0003,269899,1.0,1.0,nan,nan,nan,nan,nan,nan,nan,-1.7029664125037124e-08,0.998,0.0,nan,nan,nan,nan,nan,nan,nan
271000,nan,nan,0.00014522200217470527,0.0003,270899,1.0,1.0,nan,nan,nan,nan,nan,nan,nan,-1.2885282402295154e-07,0.997,0.0,nan,nan,nan,nan,nan,nan,nan
272000,nan,nan,0.00013308464258443564,0.0003,271899,1.0,1.0,nan,nan,nan,nan,nan,nan,nan,-1.4622381318997664e-07,0.988,0.0,nan,nan,nan,nan,nan,nan,nan
273000,nan,nan,0.00015243233065120876,0.0003,272899,1.0,1.0,nan,nan,nan,nan,nan,nan,nan,0.0,1.0,0.0,nan,nan,nan,nan,nan,nan,nan
274000,nan,nan,0.00016650611360091716,0.0003,273899,1.0,1.0,nan,nan,nan,nan,nan,nan,nan,-6.435976609269397e-08,0.995,0.0,nan,nan,nan,nan,nan,nan,nan
275000,nan,nan,0.0001487017289036885,0.0003,274899,1.0,1.0,nan,nan,nan,nan,nan,nan,nan,0.0,1.0,0.0,nan,nan,nan,nan,nan,nan,nan
276000,nan,nan,9.354302164865658e-05,0.0003,275899,1.0,1.0,nan,nan,nan,nan,nan,nan,nan,-2.6155289483277267e-05,0.925,0.0,nan,nan,nan,nan,nan,nan,nan
277000,nan,nan,9.520967432763427e-05,0.0003,276899,1.0,1.0,nan,nan,nan,nan,nan,nan,nan,-1.929161174016317e-06,0.984,0.0,nan,nan,nan,nan,nan,nan,nan
278000,nan,nan,0.00013439565373118967,0.0003,277899,1.0,1.0,nan,nan,nan,nan,nan,nan,nan,0.0,1.0,0.0,nan,nan,nan,nan,nan,nan,nan
279000,nan,nan,0.0001532354363007471,0.0003,278899,1.0,1.0,nan,nan,nan,nan,nan,nan,nan,0.0,1.0,0.0,nan,nan,nan,nan,nan,nan,nan
280000,nan,nan,0.00014973143697716296,0.0003,279899,1.0,1.0,nan,nan,nan,nan,nan,nan,nan,-9.641795566169239e-08,0.997,0.0,nan,nan,nan,nan,nan,nan,nan
281000,nan,nan,0.00014552382344845682,0.0003,280899,1.0,1.0,nan,nan,nan,nan,nan,nan,nan,-3.7555076605687347e-07,0.989,0.0,nan,nan,nan,nan,nan,nan,nan
282000,nan,nan,0.00015061967133078724,0.0003,281899,1.0,1.0,nan,nan,nan,nan,nan,nan,nan,0.0,1.0,0.0,nan,nan,nan,nan,nan,nan,nan
283000,nan,nan,0.00015296692436095327,0.0003,282899,1.0,1.0,nan,nan,nan,nan,nan,nan,nan,-1.657290718725327e-08,0.999,0.0,nan,nan,nan,nan,nan,nan,nan
284000,nan,nan,0.00015391985652968287,0.0003,283899,1.0,1.0,nan,nan,nan,nan,nan,nan,nan,-4.0738899275724e-08,0.998,0.0,nan,nan,nan,nan,nan,nan,nan
285000,nan,nan,0.00015702916425652802,0.0003,284899,1.0,1.0,nan,nan,nan,nan,nan,nan,nan,-7.293103718974312e-07,0.996,0.0,nan,nan,nan,nan,nan,nan,nan
286000,nan,nan,0.00015781268302816898,0.0003,285899,1.0,1.0,nan,nan,nan,nan,nan,nan,nan,-1.9860964862357052e-06,0.988,0.0,nan,nan,nan,nan,nan,nan,nan
287000,nan,nan,0.00015883670130278915,0.0003,286899,1.0,1.0,nan,nan,nan,nan,nan,nan,nan,-1.6184557424297195e-07,0.988,0.0,nan,nan,nan,nan,nan,nan,nan
288000,nan,nan,0.00015610954142175615,0.0003,287899,1.0,1.0,nan,nan,nan,nan,nan,nan,nan,-8.418443405053819e-08,0.994,0.0,nan,nan,nan,nan,nan,nan,nan
289000,nan,nan,0.0001557514478918165,0.0003,288899,1.0,1.0,nan,nan,nan,nan,nan,nan,nan,-6.119602372513658e-07,0.993,0.0,nan,nan,nan,nan,nan,nan,nan
290000,nan,nan,0.00015547926886938512,0.0003,289899,1.0,1.0,nan,nan,nan,nan,nan,nan,nan,-3.6367229356625966e-07,0.992,0.0,nan,nan,nan,nan,nan,nan,nan
291000,nan,nan,0.00015846027235966176,0.0003,290899,1.0,1.0,nan,nan,nan,nan,nan,nan,nan,-8.430630967470537e-08,0.992,0.0,nan,nan,nan,nan,nan,nan,nan
292000,nan,nan,0.0001585639693075791,0.0003,291899,1.0,1.0,nan,nan,nan,nan,nan,nan,nan,-2.314820121476145e-06,0.989,0.0,nan,nan,nan,nan,nan,nan,nan
293000,nan,nan,0.000157184389536269,0.0003,292899,1.0,1.0,nan,nan,nan,nan,nan,nan,nan,0.0,1.0,0.0,nan,nan,nan,nan,nan,nan,nan
294000,nan,nan,0.00015391618944704533,0.0003,293899,1.0,1.0,nan,nan,nan,nan,nan,nan,nan,0.0,1.0,0.0,nan,nan,nan,nan,nan,nan,nan
295000,nan,nan,0.0001547567662782967,0.0003,294899,1.0,1.0,nan,nan,nan,nan,nan,nan,nan,-3.450160578471358e-09,0.999,0.0,nan,nan,nan,nan,nan,nan,nan
296000,nan,nan,0.0001577782240929082,0.0003,295899,1.0,1.0,nan,nan,nan,nan,nan,nan,nan,-1.761737892805937e-07,0.994,0.0,nan,nan,nan,nan,nan,nan,nan
297000,nan,nan,0.0001598434173502028,0.0003,296899,1.0,1.0,nan,nan,nan,nan,nan,nan,nan,-1.2457727386828765e-07,0.994,0.0,nan,nan,nan,nan,nan,nan,nan
298000,nan,nan,0.00015712593449279666,0.0003,297899,1.0,1.0,nan,nan,nan,nan,nan,nan,nan,-2.692080798735969e-07,0.99,0.0,nan,nan,nan,nan,nan,nan,nan
299000,nan,nan,0.0001586851431056857,0.0003,298899,1.0,1.0,nan,nan,nan,nan,nan,nan,nan,-1.2340130566328395e-07,0.998,0.0,nan,nan,nan,nan,nan,nan,nan
300000,nan,nan,0.00015713147877249867,0.0003,299899,1.0,1.0,nan,nan,nan,nan,nan,nan,nan,-9.621735284416668e-09,0.998,0.0,nan,nan,nan,nan,nan,nan,nan
301000,nan,nan,0.00015721857198514044,0.0003,300899,1.0,1.0,nan,nan,nan,nan,nan,nan,nan,-1.2644485885436236e-07,0.991,0.0,nan,nan,nan,nan,nan,nan,nan
302000,nan,nan,0.00016109969874378294,0.0003,301899,1.0,1.0,nan,nan,nan,nan,nan,nan,nan,-7.408570568484379e-06,0.976,0.0,nan,nan,nan,nan,nan,nan,nan
303000,nan,nan,0.00015935681585688144,0.0003,302899,1.0,1.0,nan,nan,nan,nan,nan,nan,nan,-7.240121479852591e-08,0.995,0.0,nan,nan,nan,nan,nan,nan,nan
304000,nan,nan,0.00015938022988848388,0.0003,303899,1.0,1.0,nan,nan,nan,nan,nan,nan,nan,-5.850523096957411e-07,0.968,0.0,nan,nan,nan,nan,nan,nan,nan
305000,nan,nan,0.00015857470862101763,0.0003,304899,1.0,1.0,nan,nan,nan,nan,nan,nan,nan,-5.983566968696835e-07,0.976,0.0,nan,nan,nan,nan,nan,nan,nan
306000,nan,nan,0.00015906589396763593,0.0003,305899,1.0,1.0,nan,nan,nan,nan,nan,nan,nan,-1.362685527081254e-08,0.993,0.0,nan,nan,nan,nan,nan,nan,nan
307000,nan,nan,0.00015932763926684856,0.0003,306899,1.0,1.0,nan,nan,nan,nan,nan,nan,nan,-7.744281126471032e-07,0.991,0.0,nan,nan,nan,nan,nan,nan,nan
308000,nan,nan,0.00015606517263222486,0.0003,307899,1.0,1.0,nan,nan,nan,nan,nan,nan,nan,-1.6067502615881696e-06,0.967,0.0,nan,nan,nan,nan,nan,nan,nan
309000,nan,nan,0.0001606225996511057,0.0003,308899,1.0,1.0,nan,nan,nan,nan,nan,nan,nan,-6.111933686759048e-08,0.998,0.0,nan,nan,nan,nan,nan,nan,nan
310000,nan,nan,0.00016247427265625447,0.0003,309899,1.0,1.0,nan,nan,nan,nan,nan,nan,nan,0.0,1.0,0.0,nan,nan,nan,nan,nan,nan,nan
311000,nan,nan,0.00016182819672394544,0.0003,310899,1.0,1.0,nan,nan,nan,nan,nan,nan,nan,-1.4164563307379212e-07,0.996,0.0,nan,nan,nan,nan,nan,nan,nan
312000,nan,nan,0.00016121465887408704,0.0003,311899,1.0,1.0,nan,nan,nan,nan,nan,nan,nan,-2.6465823191726963e-08,0.998,0.0,nan,nan,nan,nan,nan,nan,nan
313000,nan,nan,0.00015994680870790035,0.0003,312899,1.0,1.0,nan,nan,nan,nan,nan,nan,nan,-1.9868159439289881e-07,0.996,0.0,nan,nan,nan,nan,nan,nan,nan
314000,nan,nan,0.00015946794883348048,0.0003,313899,1.0,1.0,nan,nan,nan,nan,nan,nan,nan,-2.7419394185302554e-07,0.989,0.0,nan,nan,nan,nan,nan,nan,nan
315000,nan,nan,0.00015644874656572938,0.0003,314899,1.0,1.0,nan,nan,nan,nan,nan,nan,nan,-7.931360727471809e-07,0.987,0.0,nan,nan,nan,nan,nan,nan,nan
316000,nan,nan,0.0001569397863931954,0.0003,315899,1.0,1.0,nan,nan,nan,nan,nan,nan,nan,-2.3734967224303456e-08,0.998,0.0,nan,nan,nan,nan,nan,nan,nan
317000,nan,nan,0.00016115594189614058,0.0003,316899,1.0,1.0,nan,nan,nan,nan,nan,nan,nan,0.0,1.0,0.0,nan,nan,nan,nan,nan,nan,nan
318000,nan,nan,0.00015864323358982801,0.0003,317899,1.0,1.0,nan,nan,nan,nan,nan,nan,nan,-7.658011952174613e-07,0.995,0.0,nan,nan,nan,nan,nan,nan,nan
319000,nan,nan,0.0001604289427632466,0.0003,318899,1.0,1.0,nan,nan,nan,nan,nan,nan,nan,-2.7108178928973757e-07,0.995,0.0,nan,nan,nan,nan,nan,nan,nan
320000,nan,nan,0.0001599268289282918,0.0003,319899,1.0,1.0,nan,nan,nan,nan,nan,nan,nan,-1.784679950997134e-06,0.968,0.0,nan,nan,nan,nan,nan,nan,nan
321000,nan,nan,0.00016421884356532246,0.0003,320899,1.0,1.0,nan,nan,nan,nan,nan,nan,nan,-4.362102979302465e-06,0.982,0.0,nan,nan,nan,nan,nan,nan,nan
322000,nan,nan,0.00016081311332527548,0.0003,321899,1.0,1.0,nan,nan,nan,nan,nan,nan,nan,-3.6007606447545945e-08,0.998,0.0,nan,nan,nan,nan,nan,nan,nan
323000,nan,nan,0.00015918092685751617,0.0003,322899,1.0,1.0,nan,nan,nan,nan,nan,nan,nan,-2.166051769568084e-09,0.998,0.0,nan,nan,nan,nan,nan,nan,nan
324000,nan,nan,0.00015906286716926843,0.0003,323899,1.0,1.0,nan,nan,nan,nan,nan,nan,nan,-3.096157489589152e-07,0.996,0.0,nan,nan,nan,nan,nan,nan,nan
325000,nan,nan,0.00015812891069799662,0.0003,324899,1.0,1.0,nan,nan,nan,nan,nan,nan,nan,-7.88336484699794e-08,0.995,0.0,nan,nan,nan,nan,nan,nan,nan
326000,nan,nan,0.0001577559596626088,0.0003,325899,1.0,1.0,nan,nan,nan,nan,nan,nan,nan,-1.1681384625413261e-06,0.977,0.0,nan,nan,nan,nan,nan,nan,nan
327000,nan,nan,0.00016011773550417274,0.0003,326899,1.0,1.0,nan,nan,nan,nan,nan,nan,nan,0.0,1.0,0.0,nan,nan,nan,nan,nan,nan,nan
328000,nan,nan,0.00016021168266888708,0.0003,327899,1.0,1.0,nan,nan,nan,nan,nan,nan,nan,-9.823207410429972e-07,0.993,0.0,nan,nan,nan,nan,nan,nan,nan
329000,nan,nan,0.00016601252718828619,0.0003,328899,1.0,1.0,nan,nan,nan,nan,nan,nan,nan,-8.168982443601666e-08,0.997,0.0,nan,nan,nan,nan,nan,nan,nan
330000,nan,nan,0.00016793129907455295,0.0003,329899,1.0,1.0,nan,nan,nan,nan,nan,nan,nan,-3.987276757643621e-07,0.996,0.0,nan,nan,nan,nan,nan,nan,nan
331000,nan,nan,0.00016697027604095638,0.0003,330899,1.0,1.0,nan,nan,nan,nan,nan,nan,nan,-2.1215144188461327e-05,0.918,0.0,nan,nan,nan,nan,nan,nan,nan
332000,nan,nan,0.00016692520875949413,0.0003,331899,1.0,1.0,nan,nan,nan,nan,nan,nan,nan,0.0,1.0,0.0,nan,nan,nan,nan,nan,nan,nan
333000,nan,nan,0.00016586329729761928,0.0003,332899,1.0,1.0,nan,nan,nan,nan,nan,nan,nan,-1.6038226577856115e-07,0.992,0.0,nan,nan,nan,nan,nan,nan,nan
334000,nan,nan,0.0001645190204726532,0.0003,333899,1.0,1.0,nan,nan,nan,nan,nan,nan,nan,-1.8547084915911967e-08,0.996,0.0,nan,nan,nan,nan,nan,nan,nan
335000,nan,nan,0.00016262868302874267,0.0003,334899,1.0,1.0,nan,nan,nan,nan,nan,nan,nan,0.0,1.0,0.0,nan,nan,nan,nan,nan,nan,nan
336000,nan,nan,0.00015893185627646744,0.0003,335899,1.0,1.0,nan,nan,nan,nan,nan,nan,nan,-3.676247859670113e-08,0.995,0.0,nan,nan,nan,nan,nan,nan,nan
337000,nan,nan,0.00016104470705613494,0.0003,336899,1.0,1.0,nan,nan,nan,nan,nan,nan,nan,-2.0902944206420883e-09,0.999,0.0,nan,nan,nan,nan,nan,nan,nan
338000,nan,nan,0.00016093984595499933,0.0003,337899,1.0,1.0,nan,nan,nan,nan,nan,nan,nan,-7.662347929607318e-08,0.994,0.0,nan,nan,nan,nan,nan,nan,nan
339000,nan,nan,0.00016083013906609267,0.0003,338899,1.0,1.0,nan,nan,nan,nan,nan,nan,nan,-5.246521134878705e-07,0.991,0.0,nan,nan,nan,nan,nan,nan,nan
340000,nan,nan,0.00016004598001018167,0.0003,339899,1.0,1.0,nan,nan,nan,nan,nan,nan,nan,-3.351639193427645e-05,0.944,0.0,nan,nan,nan,nan,nan,nan,nan
341000,nan,nan,0.00012096411228412762,0.0003,340899,1.0,1.0,nan,nan,nan,nan,nan,nan,nan,-1.0535285211538207e-07,0.997,0.0,nan,nan,nan,nan,nan,nan,nan
342000,nan,nan,0.00012414059892762452,0.0003,341899,1.0,1.0,nan,nan,nan,nan,nan,nan,nan,0.0,1.0,0.0,nan,nan,nan,nan,nan,nan,nan
343000,nan,nan,0.00014862275565974414,0.0003,342899,1.0,1.0,nan,nan,nan,nan,nan,nan,nan,-5.765566899117876e-07,0.995,0.0,nan,nan,nan,nan,nan,nan,nan
344000,nan,nan,0.00016417625010944903,0.0003,343899,1.0,1.0,nan,nan,nan,nan,nan,nan,nan,-1.199512883665968e-06,0.989,0.0,nan,nan,nan,nan,nan,nan,nan
345000,nan,nan,0.00016407684597652406,0.0003,344899,1.0,1.0,nan,nan,nan,nan,nan,nan,nan,-2.2540018921379929e-07,0.999,0.0,nan,nan,nan,nan,nan,nan,nan
346000,nan,nan,0.00016004094504751265,0.0003,345899,1.0,1.0,nan,nan,nan,nan,nan,nan,nan,-2.234375333422183e-07,0.998,0.0,nan,nan,nan,nan,nan,nan,nan
347000,nan,nan,0.00015689774591010064,0.0003,346899,1.0,1.0,nan,nan,nan,nan,nan,nan,nan,-2.482041690208763e-09,0.999,0.0,nan,nan,nan,nan,nan,nan,nan
348000,nan,nan,0.0001564305421197787,0.0003,347899,1.0,1.0,nan,nan,nan,nan,nan,nan,nan,0.0,1.0,0.0,nan,nan,nan,nan,nan,nan,nan
349000,nan,nan,0.00015646888641640544,0.0003,348899,1.0,1.0,nan,nan,nan,nan,nan,nan,nan,-2.3209476102175972e-08,0.999,0.0,nan,nan,nan,nan,nan,nan,nan
350000,nan,nan,0.00015470379730686545,0.0003,349899,1.0,1.0,nan,nan,nan,nan,nan,nan,nan,-7.52266884136004e-09,0.999,0.0,nan,nan,nan,nan,nan,nan,nan
351000,nan,nan,0.00015581681509502232,0.0003,350899,1.0,1.0,nan,nan,nan,nan,nan,nan,nan,-1.0607687487629407e-07,0.995,0.0,nan,nan,nan,nan,nan,nan,nan
352000,nan,nan,0.0001561117678647861,0.0003,351899,1.0,1.0,nan,nan,nan,nan,nan,nan,nan,-4.206441886221202e-09,0.997,0.0,nan,nan,nan,nan,nan,nan,nan
353000,nan,nan,0.00015746511053293943,0.0003,352899,1.0,1.0,nan,nan,nan,nan,nan,nan,nan,-8.049160260298222e-06,0.965,0.0,nan,nan,nan,nan,nan,nan,nan
354000,nan,nan,0.00015684672689530998,0.0003,353899,1.0,1.0,nan,nan,nan,nan,nan,nan,nan,-2.3351236652596552e-08,0.994,0.0,nan,nan,nan,nan,nan,nan,nan
355000,nan,nan,0.00015947053907439113,0.0003,354899,1.0,1.0,nan,nan,nan,nan,nan,nan,nan,-1.6067164790032078e-07,0.992,0.0,nan,nan,nan,nan,nan,nan,nan
356000,nan,nan,0.00016168550064321607,0.0003,355899,1.0,1.0,nan,nan,nan,nan,nan,nan,nan,-1.5988428363133519e-07,0.998,0.0,nan,nan,nan,nan,nan,nan,nan
357000,nan,nan,0.00016058431356213987,0.0003,356899,1.0,1.0,nan,nan,nan,nan,nan,nan,nan,-1.908904556776982e-07,0.999,0.0,nan,nan,nan,nan,nan,nan,nan
358000,nan,nan,0.00015957033610902727,0.0003,357899,1.0,1.0,nan,nan,nan,nan,nan,nan,nan,-2.6116038000884403e-06,0.989,0.0,nan,nan,nan,nan,nan,nan,nan
359000,nan,nan,0.00015933204849716276,0.0003,358899,1.0,1.0,nan,nan,nan,nan,nan,nan,nan,-2.641236282221152e-07,0.995,0.0,nan,nan,nan,nan,nan,nan,nan
360000,nan,nan,0.0001590598258189857,0.0003,359899,1.0,1.0,nan,nan,nan,nan,nan,nan,nan,-3.864220491326544e-07,0.992,0.0,nan,nan,nan,nan,nan,nan,nan
361000,nan,nan,0.00016031056293286383,0.0003,360899,1.0,1.0,nan,nan,nan,nan,nan,nan,nan,-2.3841153697498536e-07,0.998,0.0,nan,nan,nan,nan,nan,nan,nan
362000,nan,nan,0.00016159347433131188,0.0003,361899,1.0,1.0,nan,nan,nan,nan,nan,nan,nan,-6.563323026239868e-07,0.995,0.0,nan,nan,nan,nan,nan,nan,nan
363000,nan,nan,0.00016084470553323627,0.0003,362899,1.0,1.0,nan,nan,nan,nan,nan,nan,nan,0.0,1.0,0.0,nan,nan,nan,nan,nan,nan,nan
364000,nan,nan,0.0001611860643606633,0.0003,363899,1.0,1.0,nan,nan,nan,nan,nan,nan,nan,-4.241135869524597e-07,0.994,0.0,nan,nan,nan,nan,nan,nan,nan
365000,nan,nan,0.00015976310533005744,0.0003,364899,1.0,1.0,nan,nan,nan,nan,nan,nan,nan,0.0,1.0,0.0,nan,nan,nan,nan,nan,nan,nan
366000,nan,nan,0.00016135447367560118,0.0003,365899,1.0,1.0,nan,nan,nan,nan,nan,nan,nan,0.0,1.0,0.0,nan,nan,nan,nan,nan,nan,nan
367000,nan,nan,0.00016085529932752252,0.0003,366899,1.0,1.0,nan,nan,nan,nan,nan,nan,nan,-3.705477464100156e-06,0.984,0.0,nan,nan,nan,nan,nan,nan,nan
368000,nan,nan,0.00016096624312922359,0.0003,367899,1.0,1.0,nan,nan,nan,nan,nan,nan,nan,0.0,1.0,0.0,nan,nan,nan,nan,nan,nan,nan
369000,nan,nan,0.00016077401232905686,0.0003,368899,1.0,1.0,nan,nan,nan,nan,nan,nan,nan,-2.109763455268481e-08,0.998,0.0,nan,nan,nan,nan,nan,nan,nan
370000,nan,nan,0.0001600392715772614,0.0003,369899,1.0,1.0,nan,nan,nan,nan,nan,nan,nan,-6.908079909770457e-07,0.994,0.0,nan,nan,nan,nan,nan,nan,nan
371000,nan,nan,0.00016179223894141614,0.0003,370899,1.0,1.0,nan,nan,nan,nan,nan,nan,nan,-7.141370435551731e-08,0.996,0.0,nan,nan,nan,nan,nan,nan,nan
372000,nan,nan,0.00016207546286750585,0.0003,371899,1.0,1.0,nan,nan,nan,nan,nan,nan,nan,0.0,1.0,0.0,nan,nan,nan,nan,nan,nan,nan
373000,nan,nan,0.0001624899305170402,0.0003,372899,1.0,1.0,nan,nan,nan,nan,nan,nan,nan,-1.24785216687195e-07,0.993,0.0,nan,nan,nan,nan,nan,nan,nan
374000,nan,nan,0.00016258758842013776,0.0003,373899,1.0,1.0,nan,nan,nan,nan,nan,nan,nan,-2.0208744149746393e-09,0.999,0.0,nan,nan,nan,nan,nan,nan,nan
375000,nan,nan,0.00016244669677689672,0.0003,374899,1.0,1.0,nan,nan,nan,nan,nan,nan,nan,-1.2247597877128548e-07,0.996,0.0,nan,nan,nan,nan,nan,nan,nan
376000,nan,nan,0.00016277562826871872,0.0003,375899,1.0,1.0,nan,nan,nan,nan,nan,nan,nan,-3.173755716401776e-08,0.996,0.0,nan,nan,nan,nan,nan,nan,nan
377000,nan,nan,0.00016149210568983108,0.0003,376899,1.0,1.0,nan,nan,nan,nan,nan,nan,nan,-1.5010790816800218e-09,0.999,0.0,nan,nan,nan,nan,nan,nan,nan
378000,nan,nan,0.00016093016893137246,0.0003,377899,1.0,1.0,nan,nan,nan,nan,nan,nan,nan,-7.323695673442735e-08,0.998,0.0,nan,nan,nan,nan,nan,nan,nan
379000,nan,nan,0.00016111628792714328,0.0003,378899,1.0,1.0,nan,nan,nan,nan,nan,nan,nan,-9.932530388843995e-08,0.996,0.0,nan,nan,nan,nan,nan,nan,nan
380000,nan,nan,0.0001603613345650956,0.0003,379899,1.0,1.0,nan,nan,nan,nan,nan,nan,nan,-6.972614421353209e-08,0.997,0.0,nan,nan,nan,nan,nan,nan,nan
381000,nan,nan,0.0001619512477191165,0.0003,380899,1.0,1.0,nan,nan,nan,nan,nan,nan,nan,-5.983337507462411e-07,0.992,0.0,nan,nan,nan,nan,nan,nan,nan
382000,nan,nan,0.00016171109746210277,0.0003,381899,1.0,1.0,nan,nan,nan,nan,nan,nan,nan,0.0,1.0,0.0,nan,nan,nan,nan,nan,nan,nan
383000,nan,nan,0.00016007911472115666,0.0003,382899,1.0,1.0,nan,nan,nan,nan,nan,nan,nan,-1.8775819771807814e-07,0.995,0.0,nan,nan,nan,nan,nan,nan,nan
384000,nan,nan,0.00015938539581838995,0.0003,383899,1.0,1.0,nan,nan,nan,nan,nan,nan,nan,-8.275940930526974e-07,0.991,0.0,nan,nan,nan,nan,nan,nan,nan
385000,nan,nan,0.00015995290596038103,0.0003,384899,1.0,1.0,nan,nan,nan,nan,nan,nan,nan,-6.110242536740925e-09,0.999,0.0,nan,nan,nan,nan,nan,nan,nan
386000,nan,nan,0.00016110400611069053,0.0003,385899,1.0,1.0,nan,nan,nan,nan,nan,nan,nan,-2.0838316065337345e-08,0.995,0.0,nan,nan,nan,nan,nan,nan,nan
387000,nan,nan,0.00016111951845232397,0.0003,386899,1.0,1.0,nan,nan,nan,nan,nan,nan,nan,-5.235814360069817e-08,0.998,0.0,nan,nan,nan,nan,nan,nan,nan
388000,nan,nan,0.0001598551607457921,0.0003,387899,1.0,1.0,nan,nan,nan,nan,nan,nan,nan,-3.7952917847609855e-08,0.998,0.0,nan,nan,nan,nan,nan,nan,nan
389000,nan,nan,0.00016013102140277624,0.0003,388899,1.0,1.0,nan,nan,nan,nan,nan,nan,nan,-1.2563641401682703e-08,0.996,0.0,nan,nan,nan,nan,nan,nan,nan
390000,nan,nan,0.00016174456686712801,0.0003,389899,1.0,1.0,nan,nan,nan,nan,nan,nan,nan,-3.67630141502515e-08,0.997,0.0,nan,nan,nan,nan,nan,nan,nan
391000,nan,nan,0.00016069706180132926,0.0003,390899,1.0,1.0,nan,nan,nan,nan,nan,nan,nan,-7.848720050482237e-09,0.998,0.0,nan,nan,nan,nan,nan,nan,nan
392000,nan,nan,0.00016230964683927596,0.0003,391899,1.0,1.0,nan,nan,nan,nan,nan,nan,nan,-1.0715982963567415e-06,0.991,0.0,nan,nan,nan,nan,nan,nan,nan
393000,nan,nan,0.00016261394193861634,0.0003,392899,1.0,1.0,nan,nan,nan,nan,nan,nan,nan,-6.404391940596857e-08,0.998,0.0,nan,nan,nan,nan,nan,nan,nan
394000,nan,nan,0.0001613177009858191,0.0003,393899,1.0,1.0,nan,nan,nan,nan,nan,nan,nan,-2.2517407948932152e-08,0.999,0.0,nan,nan,nan,nan,nan,nan,nan
395000,nan,nan,0.00016175721248146147,0.0003,394899,1.0,1.0,nan,nan,nan,nan,nan,nan,nan,0.0,1.0,0.0,nan,nan,nan,nan,nan,nan,nan
396000,nan,nan,0.0001634695945540443,0.0003,395899,1.0,1.0,nan,nan,nan,nan,nan,nan,nan,-6.751450957635611e-07,0.994,0.0,nan,nan,nan,nan,nan,nan,nan
397000,nan,nan,0.00016540441720280796,0.0003,396899,1.0,1.0,nan,nan,nan,nan,nan,nan,nan,-8.280854948402692e-06,0.967,0.0,nan,nan,nan,nan,nan,nan,nan
398000,nan,nan,0.0001641093986108899,0.0003,397899,1.0,1.0,nan,nan,nan,nan,nan,nan,nan,-6.335106922573846e-07,0.996,0.0,nan,nan,nan,nan,nan,nan,nan
399000,nan,nan,0.00016578120994381607,0.0003,398899,1.0,1.0,nan,nan,nan,nan,nan,nan,nan,-5.314990617664474e-08,0.999,0.0,nan,nan,nan,nan,nan,nan,nan
400000,nan,nan,0.00016203976701945066,0.0003,399899,1.0,1.0,nan,nan,nan,nan,nan,nan,nan,-1.1056364283781079e-07,0.999,0.0,nan,nan,nan,nan,nan,nan,nan
401000,nan,nan,0.00016064236115198582,0.0003,400899,1.0,1.0,nan,nan,nan,nan,nan,nan,nan,0.0,1.0,0.0,nan,nan,nan,nan,nan,nan,nan
402000,nan,nan,0.00015845935558900237,0.0003,401899,1.0,1.0,nan,nan,nan,nan,nan,nan,nan,-3.096799357594807e-07,0.996,0.0,nan,nan,nan,nan,nan,nan,nan
403000,nan,nan,0.00016097498883027583,0.0003,402899,1.0,1.0,nan,nan,nan,nan,nan,nan,nan,-2.812117151936176e-09,0.999,0.0,nan,nan,nan,nan,nan,nan,nan
404000,nan,nan,0.0001586970902280882,0.0003,403899,1.0,1.0,nan,nan,nan,nan,nan,nan,nan,0.0,1.0,0.0,nan,nan,nan,nan,nan,nan,nan
405000,nan,nan,0.00015936457202769816,0.0003,404899,1.0,1.0,nan,nan,nan,nan,nan,nan,nan,-1.0670506379146155e-08,0.997,0.0,nan,nan,nan,nan,nan,nan,nan
406000,nan,nan,0.00016127893468365073,0.0003,405899,1.0,1.0,nan,nan,nan,nan,nan,nan,nan,-1.6293130637001122e-07,0.994,0.0,nan,nan,nan,nan,nan,nan,nan
407000,nan,nan,0.00015994146815501153,0.0003,406899,1.0,1.0,nan,nan,nan,nan,nan,nan,nan,-2.2889141436952178e-07,0.997,0.0,nan,nan,nan,nan,nan,nan,nan
408000,nan,nan,0.00016116177721414715,0.0003,407899,1.0,1.0,nan,nan,nan,nan,nan,nan,nan,-8.771303473342434e-07,0.98,0.0,nan,nan,nan,nan,nan,nan,nan
409000,nan,nan,0.0001618377718841657,0.0003,408899,1.0,1.0,nan,nan,nan,nan,nan,nan,nan,-2.3494593422872853e-07,0.997,0.0,nan,nan,nan,nan,nan,nan,nan
410000,nan,nan,0.0001624124706722796,0.0003,409899,1.0,1.0,nan,nan,nan,nan,nan,nan,nan,-4.2820104138086784e-07,0.997,0.0,nan,nan,nan,nan,nan,nan,nan
411000,nan,nan,0.00016182434046640992,0.0003,410899,1.0,1.0,nan,nan,nan,nan,nan,nan,nan,-2.713740010146708e-08,0.998,0.0,nan,nan,nan,nan,nan,nan,nan
412000,nan,nan,0.00016164557018782943,0.0003,411899,1.0,1.0,nan,nan,nan,nan,nan,nan,nan,-3.059496541339796e-07,0.989,0.0,nan,nan,nan,nan,nan,nan,nan
413000,nan,nan,0.00016093600424937904,0.0003,412899,1.0,1.0,nan,nan,nan,nan,nan,nan,nan,-9.561359220175379e-08,0.992,0.0,nan,nan,nan,nan,nan,nan,nan
414000,nan,nan,0.000160962255904451,0.0003,413899,1.0,1.0,nan,nan,nan,nan,nan,nan,nan,-7.653197037310516e-08,0.994,0.0,nan,nan,nan,nan,nan,nan,nan
415000,nan,nan,0.0001614071079529822,0.0003,414899,1.0,1.0,nan,nan,nan,nan,nan,nan,nan,-5.1832590230189614e-09,0.999,0.0,nan,nan,nan,nan,nan,nan,nan
416000,nan,nan,0.00016207361477427185,0.0003,415899,1.0,1.0,nan,nan,nan,nan,nan,nan,nan,-5.390986739532842e-05,0.964,0.0,nan,nan,nan,nan,nan,nan,nan
417000,nan,nan,0.0001596916699782014,0.0003,416899,1.0,1.0,nan,nan,nan,nan,nan,nan,nan,-1.961744144119448e-07,0.995,0.0,nan,nan,nan,nan,nan,nan,nan
418000,nan,nan,0.00016019227041397244,0.0003,417899,1.0,1.0,nan,nan,nan,nan,nan,nan,nan,-3.641005774619008e-08,0.997,0.0,nan,nan,nan,nan,nan,nan,nan
419000,nan,nan,0.00016077615146059543,0.0003,418899,1.0,1.0,nan,nan,nan,nan,nan,nan,nan,-3.252243247729607e-07,0.997,0.0,nan,nan,nan,nan,nan,nan,nan
420000,nan,nan,0.00016267583123408258,0.0003,419899,1.0,1.0,nan,nan,nan,nan,nan,nan,nan,0.0,1.0,0.0,nan,nan,nan,nan,nan,nan,nan
421000,nan,nan,0.00016087738913483918,0.0003,420899,1.0,1.0,nan,nan,nan,nan,nan,nan,nan,-5.927210761657814e-08,0.998,0.0,nan,nan,nan,nan,nan,nan,nan
422000,nan,nan,0.00016009087266866118,0.0003,421899,1.0,1.0,nan,nan,nan,nan,nan,nan,nan,-1.986985813938086e-07,0.997,0.0,nan,nan,nan,nan,nan,nan,nan
423000,nan,nan,0.00016083320952020586,0.0003,422899,1.0,1.0,nan,nan,nan,nan,nan,nan,nan,-8.322115793218536e-08,0.996,0.0,nan,nan,nan,nan,nan,nan,nan
424000,nan,nan,0.00016086373943835497,0.0003,423899,1.0,1.0,nan,nan,nan,nan,nan,nan,nan,-6.431277943561919e-07,0.974,0.0,nan,nan,nan,nan,nan,nan,nan
425000,nan,nan,0.00016126724949572235,0.0003,424899,1.0,1.0,nan,nan,nan,nan,nan,nan,nan,-2.3152571464171013e-06,0.987,0.0,nan,nan,nan,nan,nan,nan,nan
426000,nan,nan,0.00016120421059895307,0.0003,425899,1.0,1.0,nan,nan,nan,nan,nan,nan,nan,-2.646197292404612e-07,0.996,0.0,nan,nan,nan,nan,nan,nan,nan
427000,nan,nan,0.00016102689551189542,0.0003,426899,1.0,1.0,nan,nan,nan,nan,nan,nan,nan,-2.281898433705211e-06,0.982,0.0,nan,nan,nan,nan,nan,nan,nan
428000,nan,nan,0.00016126663831528276,0.0003,427899,1.0,1.0,nan,nan,nan,nan,nan,nan,nan,-2.7543778533872387e-07,0.993,0.0,nan,nan,nan,nan,nan,nan,nan
429000,nan,nan,0.00016242392302956432,0.0003,428899,1.0,1.0,nan,nan,nan,nan,nan,nan,nan,-2.9515267350086826e-07,0.992,0.0,nan,nan,nan,nan,nan,nan,nan
430000,nan,nan,0.00016260200936812907,0.0003,429899,1.0,1.0,nan,nan,nan,nan,nan,nan,nan,-1.2637736521817339e-06,0.994,0.0,nan,nan,nan,nan,nan,nan,nan
431000,nan,nan,0.00016239449905697256,0.0003,430899,1.0,1.0,nan,nan,nan,nan,nan,nan,nan,-4.688674417128224e-08,0.996,0.0,nan,nan,nan,nan,nan,nan,nan
432000,nan,nan,0.0001615668152226135,0.0003,431899,1.0,1.0,nan,nan,nan,nan,nan,nan,nan,-5.54907263700562e-10,0.998,0.0,nan,nan,nan,nan,nan,nan,nan
433000,nan,nan,0.0001608890452189371,0.0003,432899,1.0,1.0,nan,nan,nan,nan,nan,nan,nan,-7.404895352737185e-07,0.996,0.0,nan,nan,nan,nan,nan,nan,nan
434000,nan,nan,0.00016189750749617815,0.0003,433899,1.0,1.0,nan,nan,nan,nan,nan,nan,nan,-3.750464903004597e-09,0.999,0.0,nan,nan,nan,nan,nan,nan,nan
435000,nan,nan,0.0001610047766007483,0.0003,434899,1.0,1.0,nan,nan,nan,nan,nan,nan,nan,-1.5926162441727474e-07,0.998,0.0,nan,nan,nan,nan,nan,nan,nan
436000,nan,nan,0.00015919777797535062,0.0003,435899,1.0,1.0,nan,nan,nan,nan,nan,nan,nan,-1.9125493749922764e-05,0.885,0.0,nan,nan,nan,nan,nan,nan,nan
437000,nan,nan,0.0001584980491315946,0.0003,436899,1.0,1.0,nan,nan,nan,nan,nan,nan,nan,-5.451290287355986e-07,0.993,0.0,nan,nan,nan,nan,nan,nan,nan
438000,nan,nan,0.00015970354434102774,0.0003,437899,1.0,1.0,nan,nan,nan,nan,nan,nan,nan,-1.0852557350059548e-05,0.925,0.0,nan,nan,nan,nan,nan,nan,nan
439000,nan,nan,0.00016008659440558404,0.0003,438899,1.0,1.0,nan,nan,nan,nan,nan,nan,nan,-8.210466282346216e-08,0.996,0.0,nan,nan,nan,nan,nan,nan,nan
440000,nan,nan,0.00016180828970391303,0.0003,439899,1.0,1.0,nan,nan,nan,nan,nan,nan,nan,-5.843957413254773e-07,0.995,0.0,nan,nan,nan,nan,nan,nan,nan
441000,nan,nan,0.00016033243446145207,0.0003,440899,1.0,1.0,nan,nan,nan,nan,nan,nan,nan,-7.917500369464724e-08,0.999,0.0,nan,nan,nan,nan,nan,nan,nan
442000,nan,nan,0.00015859058476053178,0.0003,441899,1.0,1.0,nan,nan,nan,nan,nan,nan,nan,-4.042964039996017e-08,0.999,0.0,nan,nan,nan,nan,nan,nan,nan
443000,nan,nan,0.00015959939628373832,0.0003,442899,1.0,1.0,nan,nan,nan,nan,nan,nan,nan,-2.863094489391501e-07,0.996,0.0,nan,nan,nan,nan,nan,nan,nan
444000,nan,nan,0.00015963715850375593,0.0003,443899,1.0,1.0,nan,nan,nan,nan,nan,nan,nan,-1.0549387950322835e-07,0.999,0.0,nan,nan,nan,nan,nan,nan,nan
445000,nan,nan,0.00015848444309085608,0.0003,444899,1.0,1.0,nan,nan,nan,nan,nan,nan,nan,-5.109456992292885e-07,0.992,0.0,nan,nan,nan,nan,nan,nan,nan
446000,nan,nan,0.00016087816038634628,0.0003,445899,1.0,1.0,nan,nan,nan,nan,nan,nan,nan,-8.030835597783754e-07,0.991,0.0,nan,nan,nan,nan,nan,nan,nan
447000,nan,nan,0.00016248853353317827,0.0003,446899,1.0,1.0,nan,nan,nan,nan,nan,nan,nan,-3.8640190287527685e-08,0.999,0.0,nan,nan,nan,nan,nan,nan,nan
448000,nan,nan,0.00016054342268034816,0.0003,447899,1.0,1.0,nan,nan,nan,nan,nan,nan,nan,-1.5265650034581454e-07,0.988,0.0,nan,nan,nan,nan,nan,nan,nan
449000,nan,nan,0.0001605199940968305,0.0003,448899,1.0,1.0,nan,nan,nan,nan,nan,nan,nan,-1.368009678411214e-08,0.999,0.0,nan,nan,nan,nan,nan,nan,nan
450000,nan,nan,0.0001623198768356815,0.0003,449899,1.0,1.0,nan,nan,nan,nan,nan,nan,nan,0.0,1.0,0.0,nan,nan,nan,nan,nan,nan,nan
451000,nan,nan,0.00016181630780920386,0.0003,450899,1.0,1.0,nan,nan,nan,nan,nan,nan,nan,-2.471071782852005e-07,0.992,0.0,nan,nan,nan,nan,nan,nan,nan
452000,nan,nan,0.000160274634254165,0.0003,451899,1.0,1.0,nan,nan,nan,nan,nan,nan,nan,-2.383883023154164e-06,0.987,0.0,nan,nan,nan,nan,nan,nan,nan
453000,nan,nan,0.0001613918720977381,0.0003,452899,1.0,1.0,nan,nan,nan,nan,nan,nan,nan,-2.399468343655437e-08,0.999,0.0,nan,nan,nan,nan,nan,nan,nan
454000,nan,nan,0.0001621983974473551,0.0003,453899,1.0,1.0,nan,nan,nan,nan,nan,nan,nan,-2.586925400605029e-06,0.994,0.0,nan,nan,nan,nan,nan,nan,nan
455000,nan,nan,0.00016147069982253015,0.0003,454899,1.0,1.0,nan,nan,nan,nan,nan,nan,nan,-1.0870282507111713e-07,0.996,0.0,nan,nan,nan,nan,nan,nan,nan
456000,nan,nan,0.00016083796799648553,0.0003,455899,1.0,1.0,nan,nan,nan,nan,nan,nan,nan,-2.0688518053467087e-07,0.995,0.0,nan,nan,nan,nan,nan,nan,nan
457000,nan,nan,0.00016198692901525646,0.0003,456899,1.0,1.0,nan,nan,nan,nan,nan,nan,nan,-2.985320564720874e-08,0.998,0.0,nan,nan,nan,nan,nan,nan,nan
458000,nan,nan,0.00016051724378485233,0.0003,457899,1.0,1.0,nan,nan,nan,nan,nan,nan,nan,-1.6073168821062485e-08,0.999,0.0,nan,nan,nan,nan,nan,nan,nan
459000,nan,nan,0.00016005284851416945,0.0003,458899,1.0,1.0,nan,nan,nan,nan,nan,nan,nan,-2.185499277492317e-07,0.998,0.0,nan,nan,nan,nan,nan,nan,nan
460000,nan,nan,0.00016179193335119635,0.0003,459899,1.0,1.0,nan,nan,nan,nan,nan,nan,nan,-4.861727185132391e-07,0.991,0.0,nan,nan,nan,nan,nan,nan,nan
461000,nan,nan,0.0001615047367522493,0.0003,460899,1.0,1.0,nan,nan,nan,nan,nan,nan,nan,-5.846594289397418e-08,0.997,0.0,nan,nan,nan,nan,nan,nan,nan
462000,nan,nan,0.00016199634410440922,0.0003,461899,1.0,1.0,nan,nan,nan,nan,nan,nan,nan,-1.6757035309415665e-07,0.999,0.0,nan,nan,nan,nan,nan,nan,nan
463000,nan,nan,0.00016098588821478188,0.0003,462899,1.0,1.0,nan,nan,nan,nan,nan,nan,nan,-1.7200068447596891e-06,0.953,0.0,nan,nan,nan,nan,nan,nan,nan
464000,nan,nan,0.00016335723921656609,0.0003,463899,1.0,1.0,nan,nan,nan,nan,nan,nan,nan,-6.64144836695985e-08,0.998,0.0,nan,nan,nan,nan,nan,nan,nan
465000,nan,nan,0.00015877702389843762,0.0003,464899,1.0,1.0,nan,nan,nan,nan,nan,nan,nan,-8.880110972537312e-05,0.896,0.0,nan,nan,nan,nan,nan,nan,nan
466000,nan,nan,0.00016047009557951242,0.0003,465899,1.0,1.0,nan,nan,nan,nan,nan,nan,nan,-7.959160869774077e-07,0.997,0.0,nan,nan,nan,nan,nan,nan,nan
467000,nan,nan,0.00016104454698506743,0.0003,466899,1.0,1.0,nan,nan,nan,nan,nan,nan,nan,0.0,1.0,0.0,nan,nan,nan,nan,nan,nan,nan
468000,nan,nan,0.0001620694383746013,0.0003,467899,1.0,1.0,nan,nan,nan,nan,nan,nan,nan,-5.2123947644499234e-08,0.994,0.0,nan,nan,nan,nan,nan,nan,nan
469000,nan,nan,0.00016189503367058933,0.0003,468899,1.0,1.0,nan,nan,nan,nan,nan,nan,nan,-8.398934680342406e-08,0.995,0.0,nan,nan,nan,nan,nan,nan,nan
470000,nan,nan,0.0001613386266399175,0.0003,469899,1.0,1.0,nan,nan,nan,nan,nan,nan,nan,-2.3179414946272666e-08,0.996,0.0,nan,nan,nan,nan,nan,nan,nan
471000,nan,nan,0.00016018279711715877,0.0003,470899,1.0,1.0,nan,nan,nan,nan,nan,nan,nan,0.0,1.0,0.0,nan,nan,nan,nan,nan,nan,nan
472000,nan,nan,0.00016130386211443692,0.0003,471899,1.0,1.0,nan,nan,nan,nan,nan,nan,nan,-1.7468638225272926e-07,0.995,0.0,nan,nan,nan,nan,nan,nan,nan
473000,nan,nan,0.00016358500579372048,0.0003,472899,1.0,1.0,nan,nan,nan,nan,nan,nan,nan,-3.4753593280332146e-08,0.998,0.0,nan,nan,nan,nan,nan,nan,nan
474000,nan,nan,0.00016361058806069195,0.0003,473899,1.0,1.0,nan,nan,nan,nan,nan,nan,nan,-7.282479325325435e-08,0.996,0.0,nan,nan,nan,nan,nan,nan,nan
475000,nan,nan,0.00016088029951788485,0.0003,474899,1.0,1.0,nan,nan,nan,nan,nan,nan,nan,0.0,1.0,0.0,nan,nan,nan,nan,nan,nan,nan
476000,nan,nan,0.0001611848419997841,0.0003,475899,1.0,1.0,nan,nan,nan,nan,nan,nan,nan,-7.007031191244014e-07,0.987,0.0,nan,nan,nan,nan,nan,nan,nan
477000,nan,nan,0.0001615212095202878,0.0003,476899,1.0,1.0,nan,nan,nan,nan,nan,nan,nan,-7.515937806147688e-07,0.993,0.0,nan,nan,nan,nan,nan,nan,nan
478000,nan,nan,0.0001623198768356815,0.0003,477899,1.0,1.0,nan,nan,nan,nan,nan,nan,nan,0.0,1.0,0.0,nan,nan,nan,nan,nan,nan,nan
479000,nan,nan,0.00016305466124322265,0.0003,478899,1.0,1.0,nan,nan,nan,nan,nan,nan,nan,-1.4829631154250303e-06,0.979,0.0,nan,nan,nan,nan,nan,nan,nan
480000,nan,nan,0.00016270593914669007,0.0003,479899,1.0,1.0,nan,nan,nan,nan,nan,nan,nan,-3.213262037642678e-07,0.997,0.0,nan,nan,nan,nan,nan,nan,nan
481000,nan,nan,0.0001629231555853039,0.0003,480899,1.0,1.0,nan,nan,nan,nan,nan,nan,nan,-4.643462371566861e-09,0.999,0.0,nan,nan,nan,nan,nan,nan,nan
482000,nan,nan,0.00016069690173026174,0.0003,481899,1.0,1.0,nan,nan,nan,nan,nan,nan,nan,-8.063418161938135e-07,0.986,0.0,nan,nan,nan,nan,nan,nan,nan
483000,nan,nan,0.00016017700545489788,0.0003,482899,1.0,1.0,nan,nan,nan,nan,nan,nan,nan,-1.2973185069845804e-06,0.961,0.0,nan,nan,nan,nan,nan,nan,nan
484000,nan,nan,0.00015968846855685115,0.0003,483899,1.0,1.0,nan,nan,nan,nan,nan,nan,nan,-7.35056760692364e-08,0.994,0.0,nan,nan,nan,nan,nan,nan,nan
485000,nan,nan,0.0001624442229513079,0.0003,484899,1.0,1.0,nan,nan,nan,nan,nan,nan,nan,-2.190109576202258e-07,0.995,0.0,nan,nan,nan,nan,nan,nan,nan
486000,nan,nan,0.00016296154353767633,0.0003,485899,1.0,1.0,nan,nan,nan,nan,nan,nan,nan,0.0,1.0,0.0,nan,nan,nan,nan,nan,nan,nan
487000,nan,nan,0.00016250682529062033,0.0003,486899,1.0,1.0,nan,nan,nan,nan,nan,nan,nan,-6.07192225635057e-07,0.992,0.0,nan,nan,nan,nan,nan,nan,nan
488000,nan,nan,0.0001627641322556883,0.0003,487899,1.0,1.0,nan,nan,nan,nan,nan,nan,nan,-6.1480450028444815e-09,0.999,0.0,nan,nan,nan,nan,nan,nan,nan
489000,nan,nan,0.0001618203241378069,0.0003,488899,1.0,1.0,nan,nan,nan,nan,nan,nan,nan,-6.493043087650089e-07,0.993,0.0,nan,nan,nan,nan,nan,nan,nan
490000,nan,nan,0.00016215539653785527,0.0003,489899,1.0,1.0,nan,nan,nan,nan,nan,nan,nan,-1.3094216496503138e-07,0.996,0.0,nan,nan,nan,nan,nan,nan,nan
491000,nan,nan,0.0001619032263988629,0.0003,490899,1.0,1.0,nan,nan,nan,nan,nan,nan,nan,-4.841777418568902e-05,0.946,0.0,nan,nan,nan,nan,nan,nan,nan
492000,nan,nan,0.0001610288891242817,0.0003,491899,1.0,1.0,nan,nan,nan,nan,nan,nan,nan,-1.6443745892579136e-08,0.999,0.0,nan,nan,nan,nan,nan,nan,nan
493000,nan,nan,0.00016149225120898336,0.0003,492899,1.0,1.0,nan,nan,nan,nan,nan,nan,nan,-1.5439418589562626e-07,0.997,0.0,nan,nan,nan,nan,nan,nan,nan
494000,nan,nan,0.00016157930076587945,0.0003,493899,1.0,1.0,nan,nan,nan,nan,nan,nan,nan,-3.3576011616409436e-08,0.999,0.0,nan,nan,nan,nan,nan,nan,nan
495000,nan,nan,0.0001604200660949573,0.0003,494899,1.0,1.0,nan,nan,nan,nan,nan,nan,nan,-5.558025807240587e-07,0.986,0.0,nan,nan,nan,nan,nan,nan,nan
496000,nan,nan,0.00016057802713476121,0.0003,495899,1.0,1.0,nan,nan,nan,nan,nan,nan,nan,0.0,1.0,0.0,nan,nan,nan,nan,nan,nan,nan
497000,nan,nan,0.000161688745720312,0.0003,496899,1.0,1.0,nan,nan,nan,nan,nan,nan,nan,0.0,1.0,0.0,nan,nan,nan,nan,nan,nan,nan
498000,nan,nan,0.00016348519420716912,0.0003,497899,1.0,1.0,nan,nan,nan,nan,nan,nan,nan,-2.031100173621013e-06,0.979,0.0,nan,nan,nan,nan,nan,nan,nan
499000,nan,nan,0.00016127186245284975,0.0003,498899,1.0,1.0,nan,nan,nan,nan,nan,nan,nan,0.0,1.0,0.0,nan,nan,nan,nan,nan,nan,nan
500000,nan,nan,0.00016164587577804923,0.0003,499899,1.0,1.0,nan,nan,nan,nan,nan,nan,nan,-1.9096309397828966e-08,0.999,0.0,nan,nan,nan,nan,nan,nan,nan
501000,nan,nan,0.00014986672613304108,0.0003,500899,1.0,1.0,nan,nan,nan,nan,nan,nan,nan,-3.020588477605902e-08,0.997,0.0,nan,nan,nan,nan,nan,nan,nan
502000,nan,nan,0.0001663432631175965,0.0003,501899,1.0,1.0,nan,nan,nan,nan,nan,nan,nan,-9.671786448547753e-07,0.995,0.0,nan,nan,nan,nan,nan,nan,nan
503000,nan,nan,0.00017019885126501322,0.0003,502899,1.0,1.0,nan,nan,nan,nan,nan,nan,nan,-2.0806630192556093e-08,0.998,0.0,nan,nan,nan,nan,nan,nan,nan
504000,nan,nan,0.00016803975449874997,0.0003,503899,1.0,1.0,nan,nan,nan,nan,nan,nan,nan,-2.4787037719995496e-08,0.999,0.0,nan,nan,nan,nan,nan,nan,nan
505000,nan,nan,0.00016615664935670793,0.0003,504899,1.0,1.0,nan,nan,nan,nan,nan,nan,nan,-5.00887651436965e-07,0.993,0.0,nan,nan,nan,nan,nan,nan,nan
506000,nan,nan,0.0001669153425609693,0.0003,505899,1.0,1.0,nan,nan,nan,nan,nan,nan,nan,-2.0868694946427405e-07,0.995,0.0,nan,nan,nan,nan,nan,nan,nan
507000,nan,nan,0.0001651756901992485,0.0003,506899,1.0,1.0,nan,nan,nan,nan,nan,nan,nan,-5.725733944405386e-07,0.991,0.0,nan,nan,nan,nan,nan,nan,nan
508000,nan,nan,0.00016332203813362867,0.0003,507899,1.0,1.0,nan,nan,nan,nan,nan,nan,nan,-1.2985072031619386e-07,0.994,0.0,nan,nan,nan,nan,nan,nan,nan
509000,nan,nan,0.00016192714974749833,0.0003,508899,1.0,1.0,nan,nan,nan,nan,nan,nan,nan,0.0,1.0,0.0,nan,nan,nan,nan,nan,nan,nan
510000,nan,nan,0.00016191988834179938,0.0003,509899,1.0,1.0,nan,nan,nan,nan,nan,nan,nan,-1.1561605413486743e-09,0.999,0.0,nan,nan,nan,nan,nan,nan,nan
511000,nan,nan,0.00016089870769064873,0.0003,510899,1.0,1.0,nan,nan,nan,nan,nan,nan,nan,0.0,1.0,0.0,nan,nan,nan,nan,nan,nan,nan
512000,nan,nan,0.00015956256538629532,0.0003,511899,1.0,1.0,nan,nan,nan,nan,nan,nan,nan,-9.809343748869664e-09,0.997,0.0,nan,nan,nan,nan,nan,nan,nan
513000,nan,nan,0.00015948650252539665,0.0003,512899,1.0,1.0,nan,nan,nan,nan,nan,nan,nan,-3.4324051511765114e-07,0.976,0.0,nan,nan,nan,nan,nan,nan,nan
514000,nan,nan,0.00015810855256859213,0.0003,513899,1.0,1.0,nan,nan,nan,nan,nan,nan,nan,-1.0451715834603682e-07,0.997,0.0,nan,nan,nan,nan,nan,nan,nan
515000,nan,nan,0.0001585092395544052,0.0003,514899,1.0,1.0,nan,nan,nan,nan,nan,nan,nan,-2.0823722483834993e-08,0.996,0.0,nan,nan,nan,nan,nan,nan,nan
516000,nan,nan,0.0001551738241687417,0.0003,515899,1.0,1.0,nan,nan,nan,nan,nan,nan,nan,-1.1651804235677102e-08,0.998,0.0,nan,nan,nan,nan,nan,nan,nan
517000,nan,nan,0.00014487757289316505,0.0003,516899,1.0,1.0,nan,nan,nan,nan,nan,nan,nan,-3.7028926957337504e-07,0.999,0.0,nan,nan,nan,nan,nan,nan,nan
518000,nan,nan,0.00016917288303375244,0.0003,517899,1.0,1.0,nan,nan,nan,nan,nan,nan,nan,-7.610717751094805e-08,0.996,0.0,nan,nan,nan,nan,nan,nan,nan
519000,nan,nan,0.00017752734129317105,0.0003,518899,1.0,1.0,nan,nan,nan,nan,nan,nan,nan,-6.525839764506496e-07,0.987,0.0,nan,nan,nan,nan,nan,nan,nan
520000,nan,nan,0.00017438794020563364,0.0003,519899,1.0,1.0,nan,nan,nan,nan,nan,nan,nan,-1.2027477388046008e-07,0.978,0.0,nan,nan,nan,nan,nan,nan,nan
521000,nan,nan,0.00016798320575617254,0.0003,520899,1.0,1.0,nan,nan,nan,nan,nan,nan,nan,-1.1991369123889355e-06,0.969,0.0,nan,nan,nan,nan,nan,nan,nan
522000,nan,nan,0.00016633866471238434,0.0003,521899,1.0,1.0,nan,nan,nan,nan,nan,nan,nan,0.0,1.0,0.0,nan,nan,nan,nan,nan,nan,nan
523000,nan,nan,0.00016442537889815867,0.0003,522899,1.0,1.0,nan,nan,nan,nan,nan,nan,nan,-7.388616183803781e-08,0.993,0.0,nan,nan,nan,nan,nan,nan,nan
524000,nan,nan,0.00016113872698042542,0.0003,523899,1.0,1.0,nan,nan,nan,nan,nan,nan,nan,-2.666799363697511e-07,0.994,0.0,nan,nan,nan,nan,nan,nan,nan
525000,nan,nan,0.00016075362509582192,0.0003,524899,1.0,1.0,nan,nan,nan,nan,nan,nan,nan,-1.825759993149019e-06,0.978,0.0,nan,nan,nan,nan,nan,nan,nan
526000,nan,nan,0.00015798088861629367,0.0003,525899,1.0,1.0,nan,nan,nan,nan,nan,nan,nan,-2.0311955179252632e-07,0.999,0.0,nan,nan,nan,nan,nan,nan,nan
527000,nan,nan,0.00015882412844803184,0.0003,526899,1.0,1.0,nan,nan,nan,nan,nan,nan,nan,0.0,1.0,0.0,nan,nan,nan,nan,nan,nan,nan
528000,nan,nan,0.00015792484919074923,0.0003,527899,1.0,1.0,nan,nan,nan,nan,nan,nan,nan,-3.935656779815032e-07,0.99,0.0,nan,nan,nan,nan,nan,nan,nan
529000,nan,nan,0.00015847478061914444,0.0003,528899,1.0,1.0,nan,nan,nan,nan,nan,nan,nan,-1.223126218992394e-06,0.973,0.0,nan,nan,nan,nan,nan,nan,nan
530000,nan,nan,0.00015641159552615136,0.0003,529899,1.0,1.0,nan,nan,nan,nan,nan,nan,nan,-1.0110594004943394e-07,0.999,0.0,nan,nan,nan,nan,nan,nan,nan
531000,nan,nan,0.0001554217451484874,0.0003,530899,1.0,1.0,nan,nan,nan,nan,nan,nan,nan,-2.6142318140261283e-07,0.992,0.0,nan,nan,nan,nan,nan,nan,nan
532000,nan,nan,0.0001561314275022596,0.0003,531899,1.0,1.0,nan,nan,nan,nan,nan,nan,nan,-2.1434165522557955e-06,0.933,0.0,nan,nan,nan,nan,nan,nan,nan
533000,nan,nan,0.00015910944784991443,0.0003,532899,1.0,1.0,nan,nan,nan,nan,nan,nan,nan,-1.7400419465679934e-07,0.996,0.0,nan,nan,nan,nan,nan,nan,nan
534000,nan,nan,0.0001586054131621495,0.0003,533899,1.0,1.0,nan,nan,nan,nan,nan,nan,nan,-1.6454549088368564e-08,0.998,0.0,nan,nan,nan,nan,nan,nan,nan
535000,nan,nan,0.00015874265227466822,0.0003,534899,1.0,1.0,nan,nan,nan,nan,nan,nan,nan,-8.438423717853251e-09,0.999,0.0,nan,nan,nan,nan,nan,nan,nan
536000,nan,nan,0.00016053025319706649,0.0003,535899,1.0,1.0,nan,nan,nan,nan,nan,nan,nan,-5.035802626734776e-09,0.999,0.0,nan,nan,nan,nan,nan,nan,nan
537000,nan,nan,0.00016272408538497984,0.0003,536899,1.0,1.0,nan,nan,nan,nan,nan,nan,nan,0.0,1.0,0.0,nan,nan,nan,nan,nan,nan,nan
538000,nan,nan,0.00016066197713371366,0.0003,537899,1.0,1.0,nan,nan,nan,nan,nan,nan,nan,0.0,1.0,0.0,nan,nan,nan,nan,nan,nan,nan
539000,nan,nan,0.00016218276869039983,0.0003,538899,1.0,1.0,nan,nan,nan,nan,nan,nan,nan,-8.835821973436102e-07,0.993,0.0,nan,nan,nan,nan,nan,nan,nan
540000,nan,nan,0.0001611133775440976,0.0003,539899,1.0,1.0,nan,nan,nan,nan,nan,nan,nan,-4.76393569539442e-08,0.995,0.0,nan,nan,nan,nan,nan,nan,nan
541000,nan,nan,0.0001610511535545811,0.0003,540899,1.0,1.0,nan,nan,nan,nan,nan,nan,nan,-3.5632234338845585e-07,0.986,0.0,nan,nan,nan,nan,nan,nan,nan
542000,nan,nan,0.00016034679720178246,0.0003,541899,1.0,1.0,nan,nan,nan,nan,nan,nan,nan,-1.0628829025265677e-07,0.993,0.0,nan,nan,nan,nan,nan,nan,nan
543000,nan,nan,0.000162247903062962,0.0003,542899,1.0,1.0,nan,nan,nan,nan,nan,nan,nan,-2.7431489180584545e-08,0.998,0.0,nan,nan,nan,nan,nan,nan,nan
544000,nan,nan,0.00016137371130753309,0.0003,543899,1.0,1.0,nan,nan,nan,nan,nan,nan,nan,-8.345697145935325e-07,0.992,0.0,nan,nan,nan,nan,nan,nan,nan
545000,nan,nan,0.00016113504534587264,0.0003,544899,1.0,1.0,nan,nan,nan,nan,nan,nan,nan,-8.683063901066242e-07,0.961,0.0,nan,nan,nan,nan,nan,nan,nan
546000,nan,nan,0.00016106267867144197,0.0003,545899,1.0,1.0,nan,nan,nan,nan,nan,nan,nan,-4.322713457175569e-09,0.999,0.0,nan,nan,nan,nan,nan,nan,nan
547000,nan,nan,0.00016008033708203584,0.0003,546899,1.0,1.0,nan,nan,nan,nan,nan,nan,nan,-5.400400334792597e-07,0.954,0.0,nan,nan,nan,nan,nan,nan,nan
548000,nan,nan,0.00016050116391852498,0.0003,547899,1.0,1.0,nan,nan,nan,nan,nan,nan,nan,0.0,1.0,0.0,nan,nan,nan,nan,nan,nan,nan
549000,nan,nan,0.00016219314420595765,0.0003,548899,1.0,1.0,nan,nan,nan,nan,nan,nan,nan,-1.525604246992425e-08,0.995,0.0,nan,nan,nan,nan,nan,nan,nan
550000,nan,nan,0.00015995351714082062,0.0003,549899,1.0,1.0,nan,nan,nan,nan,nan,nan,nan,0.0,1.0,0.0,nan,nan,nan,nan,nan,nan,nan
551000,nan,nan,0.00016012796550057828,0.0003,550899,1.0,1.0,nan,nan,nan,nan,nan,nan,nan,-3.452045830818374e-06,0.967,0.0,nan,nan,nan,nan,nan,nan,nan
552000,nan,nan,0.00016216901713050902,0.0003,551899,1.0,1.0,nan,nan,nan,nan,nan,nan,nan,0.0,1.0,0.0,nan,nan,nan,nan,nan,nan,nan
553000,nan,nan,0.00016069614503066987,0.0003,552899,1.0,1.0,nan,nan,nan,nan,nan,nan,nan,0.0,1.0,0.0,nan,nan,nan,nan,nan,nan,nan
554000,nan,nan,0.00016120266809593886,0.0003,553899,1.0,1.0,nan,nan,nan,nan,nan,nan,nan,-9.80682376737471e-08,0.996,0.0,nan,nan,nan,nan,nan,nan,nan
555000,nan,nan,0.00016245599545072764,0.0003,554899,1.0,1.0,nan,nan,nan,nan,nan,nan,nan,-1.4795459027970918e-07,0.997,0.0,nan,nan,nan,nan,nan,nan,nan
556000,nan,nan,0.0001621357660042122,0.0003,555899,1.0,1.0,nan,nan,nan,nan,nan,nan,nan,-4.7451039785859615e-07,0.985,0.0,nan,nan,nan,nan,nan,nan,nan
557000,nan,nan,0.00016084885282907635,0.0003,556899,1.0,1.0,nan,nan,nan,nan,nan,nan,nan,-5.1211545410215624e-06,0.965,0.0,nan,nan,nan,nan,nan,nan,nan
558000,nan,nan,0.00016093063459265977,0.0003,557899,1.0,1.0,nan,nan,nan,nan,nan,nan,nan,-1.933106929156237e-06,0.986,0.0,nan,nan,nan,nan,nan,nan,nan
559000,nan,nan,0.00015766225988045335,0.0003,558899,1.0,1.0,nan,nan,nan,nan,nan,nan,nan,-3.1091116568600255e-08,0.997,0.0,nan,nan,nan,nan,nan,nan,nan
560000,nan,nan,0.0001540555531391874,0.0003,559899,1.0,1.0,nan,nan,nan,nan,nan,nan,nan,0.0,1.0,0.0,nan,nan,nan,nan,nan,nan,nan
561000,nan,nan,0.00016038732428569347,0.0003,560899,1.0,1.0,nan,nan,nan,nan,nan,nan,nan,-7.450317931747394e-09,0.999,0.0,nan,nan,nan,nan,nan,nan,nan
562000,nan,nan,0.00016351872181985527,0.0003,561899,1.0,1.0,nan,nan,nan,nan,nan,nan,nan,0.0,1.0,0.0,nan,nan,nan,nan,nan,nan,nan
563000,nan,nan,0.00015734981570858508,0.0003,562899,1.0,1.0,nan,nan,nan,nan,nan,nan,nan,-1.1340593057340859e-07,0.99,0.0,nan,nan,nan,nan,nan,nan,nan
564000,nan,nan,0.00016967100964393467,0.0003,563899,1.0,1.0,nan,nan,nan,nan,nan,nan,nan,-5.0988329575411784e-08,0.998,0.0,nan,nan,nan,nan,nan,nan,nan
565000,nan,nan,0.00017064953863155097,0.0003,564899,1.0,1.0,nan,nan,nan,nan,nan,nan,nan,-1.2566872034324496e-07,0.994,0.0,nan,nan,nan,nan,nan,nan,nan
566000,nan,nan,0.00016944640083238482,0.0003,565899,1.0,1.0,nan,nan,nan,nan,nan,nan,nan,-1.2599720067010363e-06,0.994,0.0,nan,nan,nan,nan,nan,nan,nan
567000,nan,nan,0.00016458603204227984,0.0003,566899,1.0,1.0,nan,nan,nan,nan,nan,nan,nan,-4.587951798636001e-07,0.999,0.0,nan,nan,nan,nan,nan,nan,nan
568000,nan,nan,0.00016304019663948566,0.0003,567899,1.0,1.0,nan,nan,nan,nan,nan,nan,nan,-1.4847706257581985e-07,0.99,0.0,nan,nan,nan,nan,nan,nan,nan
569000,nan,nan,0.00016193919873330742,0.0003,568899,1.0,1.0,nan,nan,nan,nan,nan,nan,nan,-8.317854525632449e-07,0.991,0.0,nan,nan,nan,nan,nan,nan,nan
570000,nan,nan,0.00016031545237638056,0.0003,569899,1.0,1.0,nan,nan,nan,nan,nan,nan,nan,-3.5770979903798785e-09,0.999,0.0,nan,nan,nan,nan,nan,nan,nan
571000,nan,nan,0.00015864049782976508,0.0003,570899,1.0,1.0,nan,nan,nan,nan,nan,nan,nan,-2.157658362618126e-08,0.999,0.0,nan,nan,nan,nan,nan,nan,nan
572000,nan,nan,0.00015745624841656536,0.0003,571899,1.0,1.0,nan,nan,nan,nan,nan,nan,nan,-1.175165311830855e-07,0.993,0.0,nan,nan,nan,nan,nan,nan,nan
573000,nan,nan,0.00015692811575718224,0.0003,572899,1.0,1.0,nan,nan,nan,nan,nan,nan,nan,0.0,1.0,0.0,nan,nan,nan,nan,nan,nan,nan
574000,nan,nan,0.00015798420645296574,0.0003,573899,1.0,1.0,nan,nan,nan,nan,nan,nan,nan,-2.7978934724701715e-07,0.993,0.0,nan,nan,nan,nan,nan,nan,nan
575000,nan,nan,0.00015709582658018917,0.0003,574899,1.0,1.0,nan,nan,nan,nan,nan,nan,nan,-2.0299021198222596e-08,0.999,0.0,nan,nan,nan,nan,nan,nan,nan
576000,nan,nan,0.0001593780907569453,0.0003,575899,1.0,1.0,nan,nan,nan,nan,nan,nan,nan,-6.127964332190972e-07,0.984,0.0,nan,nan,nan,nan,nan,nan,nan
577000,nan,nan,0.0001582002587383613,0.0003,576899,1.0,1.0,nan,nan,nan,nan,nan,nan,nan,-5.832484522028425e-07,0.986,0.0,nan,nan,nan,nan,nan,nan,nan
578000,nan,nan,0.00015985318168532103,0.0003,577899,1.0,1.0,nan,nan,nan,nan,nan,nan,nan,0.0,1.0,0.0,nan,nan,nan,nan,nan,nan,nan
579000,nan,nan,0.00015957429422996938,0.0003,578899,1.0,1.0,nan,nan,nan,nan,nan,nan,nan,-1.1294453863689286e-06,0.988,0.0,nan,nan,nan,nan,nan,nan,nan
580000,nan,nan,0.00016005834913812578,0.0003,579899,1.0,1.0,nan,nan,nan,nan,nan,nan,nan,-6.725549719504996e-08,0.996,0.0,nan,nan,nan,nan,nan,nan,nan
581000,nan,nan,0.0001585066638654098,0.0003,580899,1.0,1.0,nan,nan,nan,nan,nan,nan,nan,0.0,1.0,0.0,nan,nan,nan,nan,nan,nan,nan
582000,nan,nan,0.00015832703502383083,0.0003,581899,1.0,1.0,nan,nan,nan,nan,nan,nan,nan,-2.5156385744911804e-08,0.999,0.0,nan,nan,nan,nan,nan,nan,nan
583000,nan,nan,0.00015998219896573573,0.0003,582899,1.0,1.0,nan,nan,nan,nan,nan,nan,nan,0.0,1.0,0.0,nan,nan,nan,nan,nan,nan,nan
584000,nan,nan,0.00015960243763402104,0.0003,583899,1.0,1.0,nan,nan,nan,nan,nan,nan,nan,0.0,1.0,0.0,nan,nan,nan,nan,nan,nan,nan
585000,nan,nan,0.00016340693400707096,0.0003,584899,1.0,1.0,nan,nan,nan,nan,nan,nan,nan,-1.0667005264897626e-06,0.989,0.0,nan,nan,nan,nan,nan,nan,nan
586000,nan,nan,0.00016443525964859873,0.0003,585899,1.0,1.0,nan,nan,nan,nan,nan,nan,nan,-1.090136343345652e-07,0.999,0.0,nan,nan,nan,nan,nan,nan,nan
587000,nan,nan,0.00016228860476985574,0.0003,586899,1.0,1.0,nan,nan,nan,nan,nan,nan,nan,0.0,1.0,0.0,nan,nan,nan,nan,nan,nan,nan
588000,nan,nan,0.00016115716425701976,0.0003,587899,1.0,1.0,nan,nan,nan,nan,nan,nan,nan,-4.2265338709094296e-07,0.995,0.0,nan,nan,nan,nan,nan,nan,nan
589000,nan,nan,0.00016111736476887017,0.0003,588899,1.0,1.0,nan,nan,nan,nan,nan,nan,nan,-1.3517114242378064e-07,0.999,0.0,nan,nan,nan,nan,nan,nan,nan
590000,nan,nan,0.00016073783626779914,0.0003,589899,1.0,1.0,nan,nan,nan,nan,nan,nan,nan,-3.650674819878988e-08,0.997,0.0,nan,nan,nan,nan,nan,nan,nan
591000,nan,nan,0.00016001026961021125,0.0003,590899,1.0,1.0,nan,nan,nan,nan,nan,nan,nan,-1.9202217903762633e-07,0.998,0.0,nan,nan,nan,nan,nan,nan,nan
592000,nan,nan,0.00016022863565012813,0.0003,591899,1.0,1.0,nan,nan,nan,nan,nan,nan,nan,0.0,1.0,0.0,nan,nan,nan,nan,nan,nan,nan
593000,nan,nan,0.0001600562100065872,0.0003,592899,1.0,1.0,nan,nan,nan,nan,nan,nan,nan,-9.703265258361346e-07,0.995,0.0,nan,nan,nan,nan,nan,nan,nan
594000,nan,nan,0.00015993155830074102,0.0003,593899,1.0,1.0,nan,nan,nan,nan,nan,nan,nan,-7.323355421728232e-07,0.995,0.0,nan,nan,nan,nan,nan,nan,nan
595000,nan,nan,0.00016029940161388367,0.0003,594899,1.0,1.0,nan,nan,nan,nan,nan,nan,nan,-4.6486822423162765e-08,0.998,0.0,nan,nan,nan,nan,nan,nan,nan
596000,nan,nan,0.00016106973635032773,0.0003,595899,1.0,1.0,nan,nan,nan,nan,nan,nan,nan,-1.473397843025819e-06,0.983,0.0,nan,nan,nan,nan,nan,nan,nan
597000,nan,nan,0.00015928357606753707,0.0003,596899,1.0,1.0,nan,nan,nan,nan,nan,nan,nan,0.0,1.0,0.0,nan,nan,nan,nan,nan,nan,nan
598000,nan,nan,0.00016043979849200696,0.0003,597899,1.0,1.0,nan,nan,nan,nan,nan,nan,nan,-2.7971888933982704e-07,0.995,0.0,nan,nan,nan,nan,nan,nan,nan
599000,nan,nan,0.00015902692393865436,0.0003,598899,1.0,1.0,nan,nan,nan,nan,nan,nan,nan,-1.378196122979601e-06,0.988,0.0,nan,nan,nan,nan,nan,nan,nan
600000,nan,nan,0.00015471898950636387,0.0003,599899,1.0,1.0,nan,nan,nan,nan,nan,nan,nan,-1.3003084058223428e-07,0.995,0.0,nan,nan,nan,nan,nan,nan,nan
601000,nan,nan,0.00016313725791405886,0.0003,600899,1.0,1.0,nan,nan,nan,nan,nan,nan,nan,0.0,1.0,0.0,nan,nan,nan,nan,nan,nan,nan
602000,nan,nan,0.00016252278874162585,0.0003,601899,1.0,1.0,nan,nan,nan,nan,nan,nan,nan,-2.120845367857284e-06,0.982,0.0,nan,nan,nan,nan,nan,nan,nan
603000,nan,nan,0.0001620896946405992,0.0003,602899,1.0,1.0,nan,nan,nan,nan,nan,nan,nan,-1.815626665214265e-07,0.997,0.0,nan,nan,nan,nan,nan,nan,nan
604000,nan,nan,0.000159854389494285,0.0003,603899,1.0,1.0,nan,nan,nan,nan,nan,nan,nan,-1.6119582542288325e-07,0.997,0.0,nan,nan,nan,nan,nan,nan,nan
605000,nan,nan,0.00015950931992847472,0.0003,604899,1.0,1.0,nan,nan,nan,nan,nan,nan,nan,-2.8405821884273977e-06,0.972,0.0,nan,nan,nan,nan,nan,nan,nan
606000,nan,nan,0.00015943798644002527,0.0003,605899,1.0,1.0,nan,nan,nan,nan,nan,nan,nan,-1.830506380337458e-07,0.989,0.0,nan,nan,nan,nan,nan,nan,nan
607000,nan,nan,0.00015902267477940768,0.0003,606899,1.0,1.0,nan,nan,nan,nan,nan,nan,nan,-9.458585870224238e-08,0.984,0.0,nan,nan,nan,nan,nan,nan,nan
608000,nan,nan,0.0001608252350706607,0.0003,607899,1.0,1.0,nan,nan,nan,nan,nan,nan,nan,-1.0104950173276645e-09,0.999,0.0,nan,nan,nan,nan,nan,nan,nan
609000,nan,nan,0.00016049397527240217,0.0003,608899,1.0,1.0,nan,nan,nan,nan,nan,nan,nan,-4.808324035368132e-07,0.987,0.0,nan,nan,nan,nan,nan,nan,nan
610000,nan,nan,0.0001592747721588239,0.0003,609899,1.0,1.0,nan,nan,nan,nan,nan,nan,nan,-5.175822518968428e-07,0.997,0.0,nan,nan,nan,nan,nan,nan,nan
611000,nan,nan,0.0001599556562723592,0.0003,610899,1.0,1.0,nan,nan,nan,nan,nan,nan,nan,-8.771297885637745e-08,0.989,0.0,nan,nan,nan,nan,nan,nan,nan
612000,nan,nan,0.00016072603466454893,0.0003,611899,1.0,1.0,nan,nan,nan,nan,nan,nan,nan,-1.0901188525946363e-06,0.993,0.0,nan,nan,nan,nan,nan,nan,nan
613000,nan,nan,0.00016002431220840663,0.0003,612899,1.0,1.0,nan,nan,nan,nan,nan,nan,nan,-1.7912685909151167e-07,0.995,0.0,nan,nan,nan,nan,nan,nan,nan
614000,nan,nan,0.00015813358186278492,0.0003,613899,1.0,1.0,nan,nan,nan,nan,nan,nan,nan,-1.5370394175846065e-07,0.994,0.0,nan,nan,nan,nan,nan,nan,nan
615000,nan,nan,0.0001585694117238745,0.0003,614899,1.0,1.0,nan,nan,nan,nan,nan,nan,nan,0.0,1.0,0.0,nan,nan,nan,nan,nan,nan,nan
616000,nan,nan,0.00015943890321068466,0.0003,615899,1.0,1.0,nan,nan,nan,nan,nan,nan,nan,-1.2509350816863458e-06,0.993,0.0,nan,nan,nan,nan,nan,nan,nan
617000,nan,nan,0.00015941016317810863,0.0003,616899,1.0,1.0,nan,nan,nan,nan,nan,nan,nan,-3.028408625539232e-08,0.999,0.0,nan,nan,nan,nan,nan,nan,nan
618000,nan,nan,0.00016075362509582192,0.0003,617899,1.0,1.0,nan,nan,nan,nan,nan,nan,nan,0.0,1.0,0.0,nan,nan,nan,nan,nan,nan,nan
619000,nan,nan,0.00016227127343881875,0.0003,618899,1.0,1.0,nan,nan,nan,nan,nan,nan,nan,-1.019302711474549e-06,0.991,0.0,nan,nan,nan,nan,nan,nan,nan
620000,nan,nan,0.00016174781194422394,0.0003,619899,1.0,1.0,nan,nan,nan,nan,nan,nan,nan,-9.28833954208699e-08,0.996,0.0,nan,nan,nan,nan,nan,nan,nan
621000,nan,nan,0.00016019731992855668,0.0003,620899,1.0,1.0,nan,nan,nan,nan,nan,nan,nan,-6.343792789130933e-07,0.997,0.0,nan,nan,nan,nan,nan,nan,nan
622000,nan,nan,0.00016083274385891855,0.0003,621899,1.0,1.0,nan,nan,nan,nan,nan,nan,nan,-4.816285348329322e-08,0.998,0.0,nan,nan,nan,nan,nan,nan,nan
623000,nan,nan,0.00016059870540630072,0.0003,622899,1.0,1.0,nan,nan,nan,nan,nan,nan,nan,-1.574712408920808e-08,0.999,0.0,nan,nan,nan,nan,nan,nan,nan
624000,nan,nan,0.000161364019731991,0.0003,623899,1.0,1.0,nan,nan,nan,nan,nan,nan,nan,-1.582762172156709e-08,0.996,0.0,nan,nan,nan,nan,nan,nan,nan
625000,nan,nan,0.00016009743558242917,0.0003,624899,1.0,1.0,nan,nan,nan,nan,nan,nan,nan,0.0,1.0,0.0,nan,nan,nan,nan,nan,nan,nan
626000,nan,nan,0.0001615095097804442,0.0003,625899,1.0,1.0,nan,nan,nan,nan,nan,nan,nan,-3.3487141219144297e-07,0.99,0.0,nan,nan,nan,nan,nan,nan,nan
627000,nan,nan,9.8270749731455e-05,0.0003,626899,1.0,0.987,nan,nan,nan,nan,nan,nan,nan,-0.000802121598162755,0.6,0.0,nan,nan,nan,nan,nan,nan,nan
628000,nan,nan,7.695490057813004e-05,0.0003,627899,1.0,1.0,nan,nan,nan,nan,nan,nan,nan,-3.186870133992428e-05,0.819,0.0,nan,nan,nan,nan,nan,nan,nan
629000,nan,nan,6.854053935967386e-05,0.0003,628899,1.0,1.0,nan,nan,nan,nan,nan,nan,nan,-4.66133719247751e-06,0.931,0.0,nan,nan,nan,nan,nan,nan,nan
630000,nan,nan,6.824370211688802e-05,0.0003,629899,1.0,1.0,nan,nan,nan,nan,nan,nan,nan,-3.440711904235708e-07,0.992,0.0,nan,nan,nan,nan,nan,nan,nan
631000,nan,nan,7.357963477261364e-05,0.0003,630899,1.0,1.0,nan,nan,nan,nan,nan,nan,nan,-4.914309185061571e-08,0.998,0.0,nan,nan,nan,nan,nan,nan,nan
632000,nan,nan,8.115308446576819e-05,0.0003,631899,1.0,1.0,nan,nan,nan,nan,nan,nan,nan,-1.510992189021409e-07,0.995,0.0,nan,nan,nan,nan,nan,nan,nan
633000,nan,nan,8.860454545356333e-05,0.0003,632899,1.0,1.0,nan,nan,nan,nan,nan,nan,nan,-7.512432651019311e-08,0.997,0.0,nan,nan,nan,nan,nan,nan,nan
634000,nan,nan,9.207319089910015e-05,0.0003,633899,1.0,1.0,nan,nan,nan,nan,nan,nan,nan,-5.183404178728432e-06,0.951,0.0,nan,nan,nan,nan,nan,nan,nan
635000,nan,nan,9.880874858936295e-05,0.0003,634899,1.0,1.0,nan,nan,nan,nan,nan,nan,nan,-1.7012562854788492e-07,0.999,0.0,nan,nan,nan,nan,nan,nan,nan
636000,nan,nan,0.0001083073002519086,0.0003,635899,1.0,1.0,nan,nan,nan,nan,nan,nan,nan,-3.4792589322092476e-06,0.988,0.0,nan,nan,nan,nan,nan,nan,nan
637000,nan,nan,0.00015022302977740765,0.0003,636899,1.0,1.0,nan,nan,nan,nan,nan,nan,nan,-8.341693827011577e-09,0.999,0.0,nan,nan,nan,nan,nan,nan,nan
638000,nan,nan,0.00023011679877527058,0.0003,637899,1.0,1.0,nan,nan,nan,nan,nan,nan,nan,-6.589663115857106e-08,0.998,0.0,nan,nan,nan,nan,nan,nan,nan
639000,nan,nan,0.00026158615946769714,0.0003,638899,1.0,1.0,nan,nan,nan,nan,nan,nan,nan,-5.207738950622464e-07,0.985,0.0,nan,nan,nan,nan,nan,nan,nan
640000,nan,nan,0.00029269172227941453,0.0003,639899,1.0,1.0,nan,nan,nan,nan,nan,nan,nan,-1.4895794990004938e-07,0.995,0.0,nan,nan,nan,nan,nan,nan,nan
641000,nan,nan,0.00031262950506061316,0.0003,640899,1.0,1.0,nan,nan,nan,nan,nan,nan,nan,-2.0337063947294013e-08,0.999,0.0,nan,nan,nan,nan,nan,nan,nan
642000,nan,nan,0.0002873835910577327,0.0003,641899,1.0,1.0,nan,nan,nan,nan,nan,nan,nan,-3.743095466740034e-07,0.988,0.0,nan,nan,nan,nan,nan,nan,nan
643000,nan,nan,0.0002461983822286129,0.0003,642899,1.0,1.0,nan,nan,nan,nan,nan,nan,nan,-9.097291683786423e-08,0.998,0.0,nan,nan,nan,nan,nan,nan,nan
644000,nan,nan,0.00019995543698314577,0.0003,643899,1.0,1.0,nan,nan,nan,nan,nan,nan,nan,0.0,1.0,0.0,nan,nan,nan,nan,nan,nan,nan
645000,nan,nan,0.00018616793386172503,0.0003,644899,1.0,1.0,nan,nan,nan,nan,nan,nan,nan,-3.6833522614534616e-07,0.995,0.0,nan,nan,nan,nan,nan,nan,nan
646000,nan,nan,0.00018713841564022005,0.0003,645899,1.0,1.0,nan,nan,nan,nan,nan,nan,nan,0.0,1.0,0.0,nan,nan,nan,nan,nan,nan,nan
647000,nan,nan,0.0001861169730545953,0.0003,646899,1.0,1.0,nan,nan,nan,nan,nan,nan,nan,-1.9191632237380711e-07,0.991,0.0,nan,nan,nan,nan,nan,nan,nan
648000,nan,nan,0.0001823033526306972,0.0003,647899,1.0,1.0,nan,nan,nan,nan,nan,nan,nan,-2.1230869026496436e-08,0.997,0.0,nan,nan,nan,nan,nan,nan,nan
649000,nan,nan,0.00017172901425510645,0.0003,648899,1.0,1.0,nan,nan,nan,nan,nan,nan,nan,0.0,1.0,0.0,nan,nan,nan,nan,nan,nan,nan
650000,nan,nan,0.00015109183732420206,0.0003,649899,1.0,1.0,nan,nan,nan,nan,nan,nan,nan,0.0,1.0,0.0,nan,nan,nan,nan,nan,nan,nan
651000,nan,nan,0.00013687553291674703,0.0003,650899,1.0,1.0,nan,nan,nan,nan,nan,nan,nan,-3.6533594825430144e-08,0.998,0.0,nan,nan,nan,nan,nan,nan,nan
