step,green_rate,worst_roi_p95,mtm_roi_mean,orders_submitted,orders_filled
10000,0.0,0.0,0.0,0,0
20000,0.0,0.0,0.0,0,0
30000,0.0,0.0,0.0,0,0
1000,8,26.66676616668701,37.50408198409718,,nan,nan,0.12213404476642609,nan,0.0003,nan,999,nan,nan,nan,nan,nan,nan,nan,1000.0,873.0,0.873,nan,nan,nan,nan,nan,nan,nan,nan,nan,nan,-0.0033141115022192486,nan,0.101,nan,-0.018801265528955557,-0.009490914536098438,-0.012377987612422259,nan,nan,nan,nan,nan,nan,nan,nan,nan,nan,nan,nan,nan,nan,nan,nan,nan,nan,nan
2000,17,57.39500069618225,34.84684879394464,,nan,nan,0.15466532111167908,nan,0.0003,nan,1999,nan,nan,nan,nan,nan,nan,nan,1000.0,873.0,0.873,nan,nan,nan,nan,nan,nan,nan,nan,nan,nan,-0.0029205864920905625,nan,0.099,nan,-0.015705514555705645,-0.009842644092730926,-0.013110328185680867,nan,nan,nan,nan,nan,nan,nan,nan,nan,nan,nan,nan,nan,nan,nan,nan,nan,nan,nan
3000,27,91.93324327468872,32.63272951789023,,nan,nan,0.2020169347524643,nan,0.0003,nan,2999,nan,nan,nan,nan,nan,nan,nan,1000.0,861.0,0.861,nan,nan,nan,nan,nan,nan,nan,nan,nan,nan,-0.0034403728093388005,nan,0.103,nan,-0.01587851599932123,-0.010664335376422045,-0.013303569448009861,nan,nan,nan,nan,nan,nan,nan,nan,nan,nan,nan,nan,nan,nan,nan,nan,nan,nan,nan
4000,35,128.5469024181366,31.11729000007597,,nan,nan,0.15673968195915222,nan,0.0003,nan,3999,nan,nan,nan,nan,nan,nan,nan,1000.0,904.0,0.904,nan,nan,nan,nan,nan,nan,nan,nan,nan,nan,-0.0033651520003450497,nan,0.029,nan,-0.01349929047653612,-0.008867791009889119,-0.0120480331183252,nan,nan,nan,nan,nan,nan,nan,nan,nan,nan,nan,nan,nan,nan,nan,nan,nan,nan,nan
5000,44,165.76463794708252,30.163430261383684,,nan,nan,0.11750414967536926,nan,0.0003,nan,4999,nan,nan,nan,nan,nan,nan,nan,1000.0,881.0,0.881,nan,nan,nan,nan,nan,nan,nan,nan,nan,nan,-0.003030768870251341,nan,0.044,nan,-0.015365294082920568,-0.008146623483013864,-0.012838829575254724,nan,nan,nan,nan,nan,nan,nan,nan,nan,nan,nan,nan,nan,nan,nan,nan,nan,nan,nan
6000,54,202.23538494110107,29.668691684766856,,nan,nan,0.08742843568325043,nan,0.0003,nan,5999,nan,nan,nan,nan,nan,nan,nan,1000.0,911.0,0.911,nan,nan,nan,nan,nan,nan,nan,nan,nan,nan,-0.003257297920959016,nan,0.069,nan,-0.01592901222498694,-0.009711227514832277,-0.013376630775107333,nan,nan,nan,nan,nan,nan,nan,nan,nan,nan,nan,nan,nan,nan,nan,nan,nan,nan,nan
7000,62,239.18313217163086,29.26652233542716,,nan,nan,0.06504034250974655,nan,0.0003,nan,6999,nan,nan,nan,nan,nan,nan,nan,1000.0,934.0,0.934,nan,nan,nan,nan,nan,nan,nan,nan,nan,nan,-0.0024926740892132464,nan,0.053,nan,-0.01484386419981165,-0.007131893265561873,-0.013453034171538725,nan,nan,nan,nan,nan,nan,nan,nan,nan,nan,nan,nan,nan,nan,nan,nan,nan,nan,nan
8000,71,275.9158754348755,28.99455465182839,,nan,nan,0.04846441000699997,nan,0.0003,nan,7999,nan,nan,nan,nan,nan,nan,nan,1000.0,923.0,0.923,nan,nan,nan,nan,nan,nan,nan,nan,nan,nan,-0.0031986965894641663,nan,0.052,nan,-0.01500410866672945,-0.010130717862793617,-0.013407072773507134,nan,nan,nan,nan,nan,nan,nan,nan,nan,nan,nan,nan,nan,nan,nan,nan,nan,nan,nan
9000,80,312.72961926460266,28.778945822792455,,nan,nan,0.035968340933322906,nan,0.0003,nan,8999,nan,nan,nan,nan,nan,nan,nan,1000.0,901.0,0.901,nan,nan,nan,nan,nan,nan,nan,nan,nan,nan,-0.0031421314320898112,nan,0.046,nan,-0.01588271253245136,-0.008677181102836372,-0.011319649589546387,nan,nan,nan,nan,nan,nan,nan,nan,nan,nan,nan,nan,nan,nan,nan,nan,nan,nan,nan
10000,88,349.46735644340515,28.615139819748478,,nan,nan,0.02692313864827156,nan,0.0003,nan,9999,nan,nan,nan,nan,nan,nan,nan,1000.0,893.0,0.893,nan,nan,nan,nan,nan,nan,nan,nan,nan,nan,-0.002332818014344667,nan,0.028,nan,-0.012040955154295629,-0.00659295674379081,-0.009038523126922132,nan,nan,nan,nan,nan,nan,nan,nan,nan,nan,nan,nan,nan,nan,nan,nan,nan,nan,nan
11000,97,386.19809198379517,28.48286597657455,,nan,nan,0.020218444988131523,nan,0.0003,nan,10999,nan,nan,nan,nan,nan,nan,nan,1000.0,870.0,0.87,nan,nan,nan,nan,nan,nan,nan,nan,nan,nan,-0.003142345729445924,nan,0.046,nan,-0.01533280833097078,-0.008882938219497845,-0.0121399355846615,nan,nan,nan,nan,nan,nan,nan,nan,nan,nan,nan,nan,nan,nan,nan,nan,nan,nan,nan
12000,105,423.23835825920105,28.35295141137827,,nan,nan,0.015258360654115677,nan,0.0003,nan,11999,nan,nan,nan,nan,nan,nan,nan,1000.0,899.0,0.899,nan,nan,nan,nan,nan,nan,nan,nan,nan,nan,-0.0029313042350825407,nan,0.028,nan,-0.012372507562627217,-0.00779054888985386,-0.010650167280583997,nan,nan,nan,nan,nan,nan,nan,nan,nan,nan,nan,nan,nan,nan,nan,nan,nan,nan,nan
13000,115,460.06709265708923,28.25687108977077,,nan,nan,0.011539367958903313,nan,0.0003,nan,12999,nan,nan,nan,nan,nan,nan,nan,1000.0,896.0,0.896,nan,nan,nan,nan,nan,nan,nan,nan,nan,nan,-0.002718162932923599,nan,0.065,nan,-0.016425529730542367,-0.00812311532850216,-0.012323964355253415,nan,nan,nan,nan,nan,nan,nan,nan,nan,nan,nan,nan,nan,nan,nan,nan,nan,nan,nan
14000,124,497.13982629776,28.161204334205113,,nan,nan,0.00875177513808012,nan,0.0003,nan,13999,nan,nan,nan,nan,nan,nan,nan,1000.0,888.0,0.888,nan,nan,nan,nan,nan,nan,nan,nan,nan,nan,-0.0031206481081052883,nan,0.034,nan,-0.01570050220411328,-0.007690016255192458,-0.012031830231992694,nan,nan,nan,nan,nan,nan,nan,nan,nan,nan,nan,nan,nan,nan,nan,nan,nan,nan,nan
15000,134,531.0665397644043,28.245113428989164,,nan,nan,0.006681591738015413,nan,0.0003,nan,14999,nan,nan,nan,nan,nan,nan,nan,1000.0,924.0,0.924,nan,nan,nan,nan,nan,nan,nan,nan,nan,nan,-0.003154681043834696,nan,0.038,nan,-0.016328513322812124,-0.009011606227469712,-0.01422185893923694,nan,nan,nan,nan,nan,nan,nan,nan,nan,nan,nan,nan,nan,nan,nan,nan,nan,nan,nan
16000,142,563.5313067436218,28.392489398154478,,nan,nan,0.005162282381206751,nan,0.0003,nan,15999,nan,nan,nan,nan,nan,nan,nan,1000.0,912.0,0.912,nan,nan,nan,nan,nan,nan,nan,nan,nan,nan,-0.002640724987750697,nan,0.046,nan,-0.015135796340859384,-0.006973046462427407,-0.010650636290907414,nan,nan,nan,nan,nan,nan,nan,nan,nan,nan,nan,nan,nan,nan,nan,nan,nan,nan,nan
17000,151,595.8557999134064,28.53044059256373,,nan,nan,0.004008853808045387,nan,0.0003,nan,16999,nan,nan,nan,nan,nan,nan,nan,1000.0,820.0,0.82,nan,nan,nan,nan,nan,nan,nan,nan,nan,nan,-0.004355613750505691,nan,0.054,nan,-0.015731006949220794,-0.011454350624122384,-0.013254455572563707,nan,nan,nan,nan,nan,nan,nan,nan,nan,nan,nan,nan,nan,nan,nan,nan,nan,nan,nan
18000,160,628.3874685764313,28.64483849853274,,nan,nan,0.0031263085547834635,nan,0.0003,nan,17999,nan,nan,nan,nan,nan,nan,nan,1000.0,834.0,0.834,nan,nan,nan,nan,nan,nan,nan,nan,nan,nan,-0.003909791302945074,nan,0.034,nan,-0.015966414005982997,-0.01065256443106971,-0.013427887002323781,nan,nan,nan,nan,nan,nan,nan,nan,nan,nan,nan,nan,nan,nan,nan,nan,nan,nan,nan
19000,170,660.6236627101898,28.760744978680272,,nan,nan,0.0025320721324533224,nan,0.0003,nan,18999,nan,nan,nan,nan,nan,nan,nan,1000.0,851.0,0.851,nan,nan,nan,nan,nan,nan,nan,nan,nan,nan,-0.003430053739206197,nan,0.059,nan,-0.017593704220089004,-0.010171476182384646,-0.012974367545189276,nan,nan,nan,nan,nan,nan,nan,nan,nan,nan,nan,nan,nan,nan,nan,nan,nan,nan,nan
20000,179,694.2238714694977,28.80923517187923,,nan,nan,0.0020535392686724663,nan,0.0003,nan,19999,nan,nan,nan,nan,nan,nan,nan,1000.0,919.0,0.919,nan,nan,nan,nan,nan,nan,nan,nan,nan,nan,-0.0023272178279425374,nan,0.054,nan,-0.015870593873558415,-0.005980831113774659,-0.0074443308665776715,nan,nan,nan,nan,nan,nan,nan,nan,nan,nan,nan,nan,nan,nan,nan,nan,nan,nan,nan
21000,187,727.8265025615692,28.853109295218793,,nan,nan,0.0017449292354285717,nan,0.0003,nan,20999,nan,nan,nan,nan,nan,nan,nan,1000.0,832.0,0.832,nan,nan,nan,nan,nan,nan,nan,nan,nan,nan,-0.0034350064093803243,nan,0.069,nan,-0.013382295232441164,-0.00968144319357031,-0.01227175596702933,nan,nan,nan,nan,nan,nan,nan,nan,nan,nan,nan,nan,nan,nan,nan,nan,nan,nan,nan
22000,195,764.329793214798,28.783424475553183,,nan,nan,0.0017201438313350081,nan,0.0003,nan,21999,nan,nan,nan,nan,nan,nan,nan,1000.0,857.0,0.857,nan,nan,nan,nan,nan,nan,nan,nan,nan,nan,-0.003333759409777169,nan,0.053,nan,-0.014567639643787824,-0.010365663075043578,-0.01231332433822298,nan,nan,nan,nan,nan,nan,nan,nan,nan,nan,nan,nan,nan,nan,nan,nan,nan,nan,nan
23000,204,800.9583699703217,28.715635629802126,,nan,nan,0.0016781316371634603,nan,0.0003,nan,22999,nan,nan,nan,nan,nan,nan,nan,1000.0,858.0,0.858,nan,nan,nan,nan,nan,nan,nan,nan,nan,nan,-0.003451810424285528,nan,0.067,nan,-0.014959844061381062,-0.01001974432095366,-0.012454950041288259,nan,nan,nan,nan,nan,nan,nan,nan,nan,nan,nan,nan,nan,nan,nan,nan,nan,nan,nan
24000,212,833.6381888389587,28.789502554159444,,nan,nan,0.0017485048156231642,nan,0.0003,nan,23999,nan,nan,nan,nan,nan,nan,nan,1000.0,899.0,0.899,nan,nan,nan,nan,nan,nan,nan,nan,nan,nan,-0.00337774742199288,nan,0.052,nan,-0.016698983393389592,-0.011738524078710776,-0.013911746733279088,nan,nan,nan,nan,nan,nan,nan,nan,nan,nan,nan,nan,nan,nan,nan,nan,nan,nan,nan
25000,221,866.3967318534851,28.85520783840762,,nan,nan,0.0016358860302716494,nan,0.0003,nan,24999,nan,nan,nan,nan,nan,nan,nan,1000.0,843.0,0.843,nan,nan,nan,nan,nan,nan,nan,nan,nan,nan,-0.005303742769477246,nan,0.065,nan,-0.01654767108098914,-0.012672962437432028,-0.014480664817553307,nan,nan,nan,nan,nan,nan,nan,nan,nan,nan,nan,nan,nan,nan,nan,nan,nan,nan,nan
26000,229,899.0190665721893,28.920443359591594,,nan,nan,0.001771264709532261,nan,0.0003,nan,25999,nan,nan,nan,nan,nan,nan,nan,1000.0,870.0,0.87,nan,nan,nan,nan,nan,nan,nan,nan,nan,nan,-0.0029050359845426204,nan,0.073,nan,-0.013851194321840699,-0.0075305503492200535,-0.010097882891069405,nan,nan,nan,nan,nan,nan,nan,nan,nan,nan,nan,nan,nan,nan,nan,nan,nan,nan,nan
27000,238,931.7860305309296,28.976640596218513,,nan,nan,0.0017625319305807352,nan,0.0003,nan,26999,nan,nan,nan,nan,nan,nan,nan,1000.0,857.0,0.857,nan,nan,nan,nan,nan,nan,nan,nan,nan,nan,-0.003915868911352361,nan,0.059,nan,-0.01573775570064304,-0.011478759225632988,-0.013989508986262536,nan,nan,nan,nan,nan,nan,nan,nan,nan,nan,nan,nan,nan,nan,nan,nan,nan,nan,nan
28000,247,964.7580709457397,29.022880316788893,,nan,nan,0.002008930779993534,nan,0.0003,nan,27999,nan,nan,nan,nan,nan,nan,nan,1000.0,885.0,0.885,nan,nan,nan,nan,nan,nan,nan,nan,nan,nan,-0.003767840645377277,nan,0.067,nan,-0.015435679813958141,-0.010698082512044469,-0.013421632070591175,nan,nan,nan,nan,nan,nan,nan,nan,nan,nan,nan,nan,nan,nan,nan,nan,nan,nan,nan
29000,256,997.1194500923157,29.083806423739222,,nan,nan,0.002026729052886367,nan,0.0003,nan,28999,nan,nan,nan,nan,nan,nan,nan,1000.0,926.0,0.926,nan,nan,nan,nan,nan,nan,nan,nan,nan,nan,-0.0019287745443569144,nan,0.084,nan,-0.015293231335792992,-0.006489531001407831,-0.010586766490732218,nan,nan,nan,nan,nan,nan,nan,nan,nan,nan,nan,nan,nan,nan,nan,nan,nan,nan,nan
30000,264,1030.1767132282257,29.121245620371134,,nan,nan,0.002052767900750041,nan,0.0003,nan,29999,nan,nan,nan,nan,nan,nan,nan,1000.0,895.0,0.895,nan,nan,nan,nan,nan,nan,nan,nan,nan,nan,-0.003006400278508056,nan,0.084,nan,-0.014295025668799775,-0.008056634740356623,-0.010480286568883711,nan,nan,nan,nan,nan,nan,nan,nan,nan,nan,nan,nan,nan,nan,nan,nan,nan,nan,nan
31000,274,1062.657692193985,29.172169624826594,,nan,nan,0.0019876679871231318,nan,0.0003,nan,30999,nan,nan,nan,nan,nan,nan,nan,1000.0,929.0,0.929,nan,nan,nan,nan,nan,nan,nan,nan,nan,nan,-0.003729988921137106,nan,0.085,nan,-0.015561761552314084,-0.010709642036184856,-0.012889327858685105,nan,nan,nan,nan,nan,nan,nan,nan,nan,nan,nan,nan,nan,nan,nan,nan,nan,nan,nan
32000,283,1095.5118644237518,29.210143269770924,,nan,nan,0.00216709659434855,nan,0.0003,nan,31999,nan,nan,nan,nan,nan,nan,nan,1000.0,918.0,0.918,nan,nan,nan,nan,nan,nan,nan,nan,nan,nan,-0.002830640278911083,nan,0.051,nan,-0.01188179471512044,-0.0072318675359065,-0.010829689912509854,nan,nan,nan,nan,nan,nan,nan,nan,nan,nan,nan,nan,nan,nan,nan,nan,nan,nan,nan
33000,291,1128.2238340377808,29.24956688495975,,nan,nan,0.002425153274089098,nan,0.0003,nan,32999,nan,nan,nan,nan,nan,nan,nan,1000.0,916.0,0.916,nan,nan,nan,nan,nan,nan,nan,nan,nan,nan,-0.0028158814829896467,nan,0.085,nan,-0.013565727667188268,-0.00832112443981056,-0.010519357927513646,nan,nan,nan,nan,nan,nan,nan,nan,nan,nan,nan,nan,nan,nan,nan,nan,nan,nan,nan
34000,301,1160.834785938263,29.289317589299078,,nan,nan,0.0023675549309700727,nan,0.0003,nan,33999,nan,nan,nan,nan,nan,nan,nan,1000.0,865.0,0.865,nan,nan,nan,nan,nan,nan,nan,nan,nan,nan,-0.0035149279190845244,nan,0.083,nan,-0.01758741094095207,-0.011285904430778794,-0.013449667784121879,nan,nan,nan,nan,nan,nan,nan,nan,nan,nan,nan,nan,nan,nan,nan,nan,nan,nan,nan
35000,310,1193.4692182540894,29.3262939965448,,nan,nan,0.0024210121482610703,nan,0.0003,nan,34999,nan,nan,nan,nan,nan,nan,nan,1000.0,900.0,0.9,nan,nan,nan,nan,nan,nan,nan,nan,nan,nan,-0.004617715424770962,nan,0.066,nan,-0.01632635368677633,-0.011875878614583545,-0.013187088558012452,nan,nan,nan,nan,nan,nan,nan,nan,nan,nan,nan,nan,nan,nan,nan,nan,nan,nan,nan
36000,319,1227.0438148975372,29.338853430825083,,nan,nan,0.0025798429269343615,nan,0.0003,nan,35999,nan,nan,nan,nan,nan,nan,nan,1000.0,878.0,0.878,nan,nan,nan,nan,nan,nan,nan,nan,nan,nan,-0.0030221204145165635,nan,0.031,nan,-0.01610438046338197,-0.011170680259909183,-0.013755991521607645,nan,nan,nan,nan,nan,nan,nan,nan,nan,nan,nan,nan,nan,nan,nan,nan,nan,nan,nan
37000,327,1259.956069946289,29.366126545651003,,nan,nan,0.002772172447293997,nan,0.0003,nan,36999,nan,nan,nan,nan,nan,nan,nan,1000.0,934.0,0.934,nan,nan,nan,nan,nan,nan,nan,nan,nan,nan,-0.0031876973527085904,nan,0.054,nan,-0.018283963774662116,-0.00896701899389107,-0.011999588107437748,nan,nan,nan,nan,nan,nan,nan,nan,nan,nan,nan,nan,nan,nan,nan,nan,nan,nan,nan
38000,336,1295.588913679123,29.33031367902834,,nan,nan,0.0027896908577531576,nan,0.0003,nan,37999,nan,nan,nan,nan,nan,nan,nan,1000.0,879.0,0.879,nan,nan,nan,nan,nan,nan,nan,nan,nan,nan,-0.0034219292281381613,nan,0.052,nan,-0.012416702819871395,-0.009202062642489513,-0.011200061578959851,nan,nan,nan,nan,nan,nan,nan,nan,nan,nan,nan,nan,nan,nan,nan,nan,nan,nan,nan
39000,345,1333.4383850097656,29.247717495813074,,nan,nan,0.0028441266622394323,nan,0.0003,nan,38999,nan,nan,nan,nan,nan,nan,nan,1000.0,841.0,0.841,nan,nan,nan,nan,nan,nan,nan,nan,nan,nan,-0.00374419847933836,nan,0.058,nan,-0.015891276064962746,-0.010523112527143497,-0.013764227988249932,nan,nan,nan,nan,nan,nan,nan,nan,nan,nan,nan,nan,nan,nan,nan,nan,nan,nan,nan
40000,354,1372.6544787883759,29.140660395065197,,nan,nan,0.002967814216390252,nan,0.0003,nan,39999,nan,nan,nan,nan,nan,nan,nan,1000.0,887.0,0.887,nan,nan,nan,nan,nan,nan,nan,nan,nan,nan,-0.003198108170153545,nan,0.076,nan,-0.015497138434986298,-0.009922145607697759,-0.013136750911245052,nan,nan,nan,nan,nan,nan,nan,nan,nan,nan,nan,nan,nan,nan,nan,nan,nan,nan,nan
41000,364,1412.4952476024628,29.026687425560723,,nan,nan,0.0031244484707713127,nan,0.0003,nan,40999,nan,nan,nan,nan,nan,nan,nan,1000.0,917.0,0.917,nan,nan,nan,nan,nan,nan,nan,nan,nan,nan,-0.0032193750382027634,nan,0.079,nan,-0.01553048257853283,-0.0089220229405948,-0.013077541013193247,nan,nan,nan,nan,nan,nan,nan,nan,nan,nan,nan,nan,nan,nan,nan,nan,nan,nan,nan
42000,373,1452.9346108436584,28.90705293959525,,nan,nan,0.0032554101198911667,nan,0.0003,nan,41999,nan,nan,nan,nan,nan,nan,nan,1000.0,858.0,0.858,nan,nan,nan,nan,nan,nan,nan,nan,nan,nan,-0.0033056877997832777,nan,0.053,nan,-0.01640754874440805,-0.009020266267280199,-0.012036479235078782,nan,nan,nan,nan,nan,nan,nan,nan,nan,nan,nan,nan,nan,nan,nan,nan,nan,nan,nan
43000,381,1492.7159159183502,28.806591307069453,,nan,nan,0.0033170871902257204,nan,0.0003,nan,42999,nan,nan,nan,nan,nan,nan,nan,1000.0,862.0,0.862,nan,nan,nan,nan,nan,nan,nan,nan,nan,nan,-0.0037546728094465165,nan,0.086,nan,-0.017114998212581924,-0.010243541898572187,-0.013445879391994126,nan,nan,nan,nan,nan,nan,nan,nan,nan,nan,nan,nan,nan,nan,nan,nan,nan,nan,nan
44000,390,1532.8546772003174,28.704631510598443,,nan,nan,0.0037317266687750816,nan,0.0003,nan,43999,nan,nan,nan,nan,nan,nan,nan,1000.0,904.0,0.904,nan,nan,nan,nan,nan,nan,nan,nan,nan,nan,-0.003754013729005479,nan,0.059,nan,-0.015985482249194233,-0.011650292305600064,-0.013171060712144822,nan,nan,nan,nan,nan,nan,nan,nan,nan,nan,nan,nan,nan,nan,nan,nan,nan,nan,nan
45000,399,1572.8695678710938,28.610164590500823,,nan,nan,0.0038360042963176966,nan,0.0003,nan,44999,nan,nan,nan,nan,nan,nan,nan,1000.0,794.0,0.794,nan,nan,nan,nan,nan,nan,nan,nan,nan,nan,-0.004188634178224076,nan,0.047,nan,-0.016839472146221134,-0.010672297621911228,-0.01380873111587827,nan,nan,nan,nan,nan,nan,nan,nan,nan,nan,nan,nan,nan,nan,nan,nan,nan,nan,nan
46000,408,1610.0781257152557,28.570077650284315,,nan,nan,0.0037541917990893126,nan,0.0003,nan,45999,nan,nan,nan,nan,nan,nan,nan,1000.0,835.0,0.835,nan,nan,nan,nan,nan,nan,nan,nan,nan,nan,-0.003878028628877578,nan,0.04,nan,-0.016024002024768585,-0.011889770474861108,-0.013717221826365896,nan,nan,nan,nan,nan,nan,nan,nan,nan,nan,nan,nan,nan,nan,nan,nan,nan,nan,nan
47000,416,1647.0987803936005,28.53503933802928,,nan,nan,0.00382458558306098,nan,0.0003,nan,46999,nan,nan,nan,nan,nan,nan,nan,1000.0,887.0,0.887,nan,nan,nan,nan,nan,nan,nan,nan,nan,nan,-0.0033447392741000385,nan,0.097,nan,-0.015019265793249527,-0.009243670911280418,-0.013796000729372532,nan,nan,nan,nan,nan,nan,nan,nan,nan,nan,nan,nan,nan,nan,nan,nan,nan,nan,nan
48000,425,1684.314481496811,28.498257999310958,,nan,nan,0.004180557560175657,nan,0.0003,nan,47999,nan,nan,nan,nan,nan,nan,nan,1000.0,873.0,0.873,nan,nan,nan,nan,nan,nan,nan,nan,nan,nan,-0.0033048891573917755,nan,0.063,nan,-0.016884111502974596,-0.011661693687507016,-0.014157619596858217,nan,nan,nan,nan,nan,nan,nan,nan,nan,nan,nan,nan,nan,nan,nan,nan,nan,nan,nan
49000,434,1721.4351119995117,28.464638681171785,,nan,nan,0.004658217076212168,nan,0.0003,nan,48999,nan,nan,nan,nan,nan,nan,nan,1000.0,823.0,0.823,nan,nan,nan,nan,nan,nan,nan,nan,nan,nan,-0.0041205379589903885,nan,0.072,nan,-0.015529656437231563,-0.011876265469052103,-0.013882657594425179,nan,nan,nan,nan,nan,nan,nan,nan,nan,nan,nan,nan,nan,nan,nan,nan,nan,nan,nan
50000,443,1758.6623482704163,28.430731459857988,,nan,nan,0.004397461656481028,nan,0.0003,nan,49999,nan,nan,nan,nan,nan,nan,nan,1000.0,932.0,0.932,nan,nan,nan,nan,nan,nan,nan,nan,nan,nan,-0.003833504131343128,nan,0.155,nan,-0.016411374480194033,-0.01041703338170756,-0.013306812711676322,nan,nan,nan,nan,nan,nan,nan,nan,nan,nan,nan,nan,nan,nan,nan,nan,nan,nan,nan
51000,451,1795.7404081821442,28.400573140428882,,nan,nan,0.004354361444711685,nan,0.0003,nan,50999,nan,nan,nan,nan,nan,nan,nan,1000.0,806.0,0.806,nan,nan,nan,nan,nan,nan,nan,nan,nan,nan,-0.004194895063685868,nan,0.047,nan,-0.015389330699176964,-0.011757788535332185,-0.013953792260175976,nan,nan,nan,nan,nan,nan,nan,nan,nan,nan,nan,nan,nan,nan,nan,nan,nan,nan,nan
52000,460,1833.2935988903046,28.364282074897144,,nan,nan,0.004693386610597372,nan,0.0003,nan,51999,nan,nan,nan,nan,nan,nan,nan,1000.0,910.0,0.91,nan,nan,nan,nan,nan,nan,nan,nan,nan,nan,-0.003429025719594145,nan,0.078,nan,-0.016006437612240253,-0.010366525160383925,-0.012692592180270367,nan,nan,nan,nan,nan,nan,nan,nan,nan,nan,nan,nan,nan,nan,nan,nan,nan,nan,nan
53000,470,1870.647255897522,28.332454626164516,,nan,nan,0.004720965400338173,nan,0.0003,nan,52999,nan,nan,nan,nan,nan,nan,nan,1000.0,860.0,0.86,nan,nan,nan,nan,nan,nan,nan,nan,nan,nan,-0.003757116506304706,nan,0.059,nan,-0.016114071149582344,-0.009269597660452867,-0.013054250896850883,nan,nan,nan,nan,nan,nan,nan,nan,nan,nan,nan,nan,nan,nan,nan,nan,nan,nan,nan
54000,480,1908.0827689170837,28.300673914313847,,nan,nan,0.004807773977518082,nan,0.0003,nan,53999,nan,nan,nan,nan,nan,nan,nan,1000.0,811.0,0.811,nan,nan,nan,nan,nan,nan,nan,nan,nan,nan,-0.00454055844164742,nan,0.072,nan,-0.016491315492988698,-0.012858838355632656,-0.014528389247073316,nan,nan,nan,nan,nan,nan,nan,nan,nan,nan,nan,nan,nan,nan,nan,nan,nan,nan,nan
55000,488,1945.6300292015076,28.268492656272826,,nan,nan,0.005122893024235964,nan,0.0003,nan,54999,nan,nan,nan,nan,nan,nan,nan,1000.0,942.0,0.942,nan,nan,nan,nan,nan,nan,nan,nan,nan,nan,-0.0029686006814072276,nan,0.053,nan,-0.014059925131804141,-0.008250578347303347,-0.010369189461371608,nan,nan,nan,nan,nan,nan,nan,nan,nan,nan,nan,nan,nan,nan,nan,nan,nan,nan,nan
56000,498,1982.9028022289276,28.241438832021462,,nan,nan,0.005334263667464256,nan,0.0003,nan,55999,nan,nan,nan,nan,nan,nan,nan,1000.0,874.0,0.874,nan,nan,nan,nan,nan,nan,nan,nan,nan,nan,-0.0033177175433266566,nan,0.089,nan,-0.015780928241775728,-0.010366080399487812,-0.012581275352954027,nan,nan,nan,nan,nan,nan,nan,nan,nan,nan,nan,nan,nan,nan,nan,nan,nan,nan,nan
57000,506,2020.3744702339172,28.21260564153206,,nan,nan,0.005246835295110941,nan,0.0003,nan,56999,nan,nan,nan,nan,nan,nan,nan,1000.0,882.0,0.882,nan,nan,nan,nan,nan,nan,nan,nan,nan,nan,-0.0028445822157849984,nan,0.089,nan,-0.014106018414522596,-0.009343994253159906,-0.012095453827493855,nan,nan,nan,nan,nan,nan,nan,nan,nan,nan,nan,nan,nan,nan,nan,nan,nan,nan,nan
58000,515,2058.227017879486,28.179606852756052,,nan,nan,0.005403533577919006,nan,0.0003,nan,57999,nan,nan,nan,nan,nan,nan,nan,1000.0,942.0,0.942,nan,nan,nan,nan,nan,nan,nan,nan,nan,nan,-0.002480317558968109,nan,0.086,nan,-0.015881590756991203,-0.007990056244840206,-0.01236151977844377,nan,nan,nan,nan,nan,nan,nan,nan,nan,nan,nan,nan,nan,nan,nan,nan,nan,nan,nan
59000,524,2096.64644575119,28.140202805951883,,nan,nan,0.005427872762084007,nan,0.0003,nan,58999,nan,nan,nan,nan,nan,nan,nan,1000.0,857.0,0.857,nan,nan,nan,nan,nan,nan,nan,nan,nan,nan,-0.0029865810675984753,nan,0.085,nan,-0.01582752596626957,-0.010789316734172877,-0.013680393653391427,nan,nan,nan,nan,nan,nan,nan,nan,nan,nan,nan,nan,nan,nan,nan,nan,nan,nan,nan
60000,532,2134.3419404029846,28.111722394285614,,nan,nan,0.0058823274448513985,nan,0.0003,nan,59999,nan,nan,nan,nan,nan,nan,nan,1000.0,860.0,0.86,nan,nan,nan,nan,nan,nan,nan,nan,nan,nan,-0.0030588447222938855,nan,0.1,nan,-0.01488970282687211,-0.008291978029170503,-0.013068491577599371,nan,nan,nan,nan,nan,nan,nan,nan,nan,nan,nan,nan,nan,nan,nan,nan,nan,nan,nan
61000,542,2170.3929295539856,28.105522866185407,,nan,nan,0.00570277776569128,nan,0.0003,nan,60999,nan,nan,nan,nan,nan,nan,nan,1000.0,862.0,0.862,nan,nan,nan,nan,nan,nan,nan,nan,nan,nan,-0.0034867401866262933,nan,0.059,nan,-0.015399094760092871,-0.011782343047275134,-0.014295441792232327,nan,nan,nan,nan,nan,nan,nan,nan,nan,nan,nan,nan,nan,nan,nan,nan,nan,nan,nan
62000,551,2203.7961165905,28.13329959910223,,nan,nan,0.005761647596955299,nan,0.0003,nan,61999,nan,nan,nan,nan,nan,nan,nan,1000.0,925.0,0.925,nan,nan,nan,nan,nan,nan,nan,nan,nan,nan,-0.0022747724584077727,nan,0.085,nan,-0.016853780926852288,-0.006604461776021984,-0.009543788248241356,nan,nan,nan,nan,nan,nan,nan,nan,nan,nan,nan,nan,nan,nan,nan,nan,nan,nan,nan
63000,560,2237.309431552887,28.158835454262512,,nan,nan,0.0060353768058121204,nan,0.0003,nan,62999,nan,nan,nan,nan,nan,nan,nan,1000.0,929.0,0.929,nan,nan,nan,nan,nan,nan,nan,nan,nan,nan,-0.0044523902105957774,nan,0.098,nan,-0.015580651628553962,-0.01284269405633511,-0.013888853838380644,nan,nan,nan,nan,nan,nan,nan,nan,nan,nan,nan,nan,nan,nan,nan,nan,nan,nan,nan
64000,569,2271.018171072006,28.181217241765196,,nan,nan,0.005772484932094812,nan,0.0003,nan,63999,nan,nan,nan,nan,nan,nan,nan,1000.0,812.0,0.812,nan,nan,nan,nan,nan,nan,nan,nan,nan,nan,-0.0031749732343869883,nan,0.067,nan,-0.015524595167292871,-0.00916354125623166,-0.013651130338936559,nan,nan,nan,nan,nan,nan,nan,nan,nan,nan,nan,nan,nan,nan,nan,nan,nan,nan,nan
65000,578,2304.3619973659515,28.207385951747938,,nan,nan,0.006279121618717909,nan,0.0003,nan,64999,nan,nan,nan,nan,nan,nan,nan,1000.0,822.0,0.822,nan,nan,nan,nan,nan,nan,nan,nan,nan,nan,-0.004621057163260342,nan,0.046,nan,-0.015650122276084043,-0.01218247938713184,-0.013999578842497572,nan,nan,nan,nan,nan,nan,nan,nan,nan,nan,nan,nan,nan,nan,nan,nan,nan,nan,nan
66000,587,2337.678521633148,28.233149991028007,,nan,nan,0.006448798812925816,nan,0.0003,nan,65999,nan,nan,nan,nan,nan,nan,nan,1000.0,927.0,0.927,nan,nan,nan,nan,nan,nan,nan,nan,nan,nan,-0.002051948203990224,nan,0.152,nan,-0.01539414578761102,-0.006166827642604661,-0.011283035891011525,nan,nan,nan,nan,nan,nan,nan,nan,nan,nan,nan,nan,nan,nan,nan,nan,nan,nan,nan
67000,595,2371.4997227191925,28.252176292295598,,nan,nan,0.006008055992424488,nan,0.0003,nan,66999,nan,nan,nan,nan,nan,nan,nan,1000.0,878.0,0.878,nan,nan,nan,nan,nan,nan,nan,nan,nan,nan,-0.00297266147005254,nan,0.074,nan,-0.015902188973298655,-0.009242616805289018,-0.013188348334160107,nan,nan,nan,nan,nan,nan,nan,nan,nan,nan,nan,nan,nan,nan,nan,nan,nan,nan,nan
68000,605,2404.7741124629974,28.277095927282932,,nan,nan,0.006147383712232113,nan,0.0003,nan,67999,nan,nan,nan,nan,nan,nan,nan,1000.0,860.0,0.86,nan,nan,nan,nan,nan,nan,nan,nan,nan,nan,-0.004310997688515466,nan,0.063,nan,-0.015232587375340086,-0.011695333435596127,-0.013478818909171745,nan,nan,nan,nan,nan,nan,nan,nan,nan,nan,nan,nan,nan,nan,nan,nan,nan,nan,nan
69000,615,2442.6491174697876,28.248031076239325,,nan,nan,0.006629364565014839,nan,0.0003,nan,68999,nan,nan,nan,nan,nan,nan,nan,1000.0,841.0,0.841,nan,nan,nan,nan,nan,nan,nan,nan,nan,nan,-0.003996788222444491,nan,0.031,nan,-0.015389903707937597,-0.010384004207917248,-0.01338000282446113,nan,nan,nan,nan,nan,nan,nan,nan,nan,nan,nan,nan,nan,nan,nan,nan,nan,nan,nan
70000,624,2478.1700506210327,28.24666056052211,,nan,nan,0.006575033534318209,nan,0.0003,nan,69999,nan,nan,nan,nan,nan,nan,nan,1000.0,759.0,0.759,nan,nan,nan,nan,nan,nan,nan,nan,nan,nan,-0.004999012063710213,nan,0.043,nan,-0.01603165895384441,-0.01175362336345634,-0.01411679754874042,nan,nan,nan,nan,nan,nan,nan,nan,nan,nan,nan,nan,nan,nan,nan,nan,nan,nan,nan
71000,633,2513.867269515991,28.243359280285606,,nan,nan,0.006011041812598705,nan,0.0003,nan,70999,nan,nan,nan,nan,nan,nan,nan,1000.0,883.0,0.883,nan,nan,nan,nan,nan,nan,nan,nan,nan,nan,-0.002988536997615055,nan,0.09,nan,-0.016979259414831336,-0.009220049088194196,-0.012223808463135657,nan,nan,nan,nan,nan,nan,nan,nan,nan,nan,nan,nan,nan,nan,nan,nan,nan,nan,nan
72000,642,2547.7063143253326,28.260725272824132,,nan,nan,0.006313687656074762,nan,0.0003,nan,71999,nan,nan,nan,nan,nan,nan,nan,1000.0,881.0,0.881,nan,nan,nan,nan,nan,nan,nan,nan,nan,nan,-0.0027818874362237228,nan,0.097,nan,-0.01531895845747811,-0.00881741326061694,-0.011689892599010918,nan,nan,nan,nan,nan,nan,nan,nan,nan,nan,nan,nan,nan,nan,nan,nan,nan,nan,nan
73000,650,2581.6460485458374,28.276544076348095,,nan,nan,0.00649668462574482,nan,0.0003,nan,72999,nan,nan,nan,nan,nan,nan,nan,1000.0,853.0,0.853,nan,nan,nan,nan,nan,nan,nan,nan,nan,nan,-0.0037533020567751484,nan,0.089,nan,-0.015027404609187769,-0.011007324637714328,-0.013214106586148569,nan,nan,nan,nan,nan,nan,nan,nan,nan,nan,nan,nan,nan,nan,nan,nan,nan,nan,nan
74000,659,2627.082877635956,28.16813625669285,,nan,nan,0.006773714441806078,nan,0.0003,nan,73999,nan,nan,nan,nan,nan,nan,nan,1000.0,865.0,0.865,nan,nan,nan,nan,nan,nan,nan,nan,nan,nan,-0.003640883086390672,nan,0.047,nan,-0.017624898433659615,-0.01022911557487011,-0.013990355775771852,nan,nan,nan,nan,nan,nan,nan,nan,nan,nan,nan,nan,nan,nan,nan,nan,nan,nan,nan
75000,669,2662.5143144130707,28.168873272104975,,nan,nan,0.006217424292117357,nan,0.0003,nan,74999,nan,nan,nan,nan,nan,nan,nan,1000.0,872.0,0.872,nan,nan,nan,nan,nan,nan,nan,nan,nan,nan,-0.003919250415789603,nan,0.065,nan,-0.01590236548916448,-0.011314818890087487,-0.013941248252998984,nan,nan,nan,nan,nan,nan,nan,nan,nan,nan,nan,nan,nan,nan,nan,nan,nan,nan,nan
76000,678,2696.7522463798523,28.18206845505662,,nan,nan,0.006789041683077812,nan,0.0003,nan,75999,nan,nan,nan,nan,nan,nan,nan,1000.0,883.0,0.883,nan,nan,nan,nan,nan,nan,nan,nan,nan,nan,-0.0034771248875060863,nan,0.077,nan,-0.015804852081305887,-0.010746166357294586,-0.012981665948007145,nan,nan,nan,nan,nan,nan,nan,nan,nan,nan,nan,nan,nan,nan,nan,nan,nan,nan,nan
77000,687,2731.80273103714,28.186525794609018,,nan,nan,0.006284135859459639,nan,0.0003,nan,76999,nan,nan,nan,nan,nan,nan,nan,1000.0,783.0,0.783,nan,nan,nan,nan,nan,nan,nan,nan,nan,nan,-0.004314119065182107,nan,0.084,nan,-0.017669812980997845,-0.01140533066593287,-0.013610156963294252,nan,nan,nan,nan,nan,nan,nan,nan,nan,nan,nan,nan,nan,nan,nan,nan,nan,nan,nan
78000,695,2766.3532299995422,28.19598536637379,,nan,nan,0.0066754138097167015,nan,0.0003,nan,77999,nan,nan,nan,nan,nan,nan,nan,1000.0,927.0,0.927,nan,nan,nan,nan,nan,nan,nan,nan,nan,nan,-0.0020635377697584703,nan,0.146,nan,-0.014067356523292954,-0.0075907929151738255,-0.01106627658167862,nan,nan,nan,nan,nan,nan,nan,nan,nan,nan,nan,nan,nan,nan,nan,nan,nan,nan,nan
79000,706,2801.142664194107,28.20278638325712,,nan,nan,0.006098756100982428,nan,0.0003,nan,78999,nan,nan,nan,nan,nan,nan,nan,1000.0,892.0,0.892,nan,nan,nan,nan,nan,nan,nan,nan,nan,nan,-0.0035056417260109197,nan,0.079,nan,-0.01680973188307826,-0.011276285703324115,-0.01454766950713086,nan,nan,nan,nan,nan,nan,nan,nan,nan,nan,nan,nan,nan,nan,nan,nan,nan,nan,nan
80000,716,2835.337221622467,28.21535858585511,,nan,nan,0.00612013041973114,nan,0.0003,nan,79999,nan,nan,nan,nan,nan,nan,nan,1000.0,839.0,0.839,nan,nan,nan,nan,nan,nan,nan,nan,nan,nan,-0.0032540166221590454,nan,0.082,nan,-0.016283063446891892,-0.010588110540200596,-0.013249416458652656,nan,nan,nan,nan,nan,nan,nan,nan,nan,nan,nan,nan,nan,nan,nan,nan,nan,nan,nan
81000,725,2869.487863779068,28.228043503986882,,nan,nan,0.006485294550657272,nan,0.0003,nan,80999,nan,nan,nan,nan,nan,nan,nan,1000.0,733.0,0.733,nan,nan,nan,nan,nan,nan,nan,nan,nan,nan,-0.0049569510529559125,nan,0.057,nan,-0.01548007886803757,-0.013408158046439708,-0.014575173435312172,nan,nan,nan,nan,nan,nan,nan,nan,nan,nan,nan,nan,nan,nan,nan,nan,nan,nan,nan
82000,733,2903.987319469452,28.23704765959445,,nan,nan,0.005831640679389238,nan,0.0003,nan,81999,nan,nan,nan,nan,nan,nan,nan,1000.0,778.0,0.778,nan,nan,nan,nan,nan,nan,nan,nan,nan,nan,-0.0043483981208474205,nan,0.079,nan,-0.015691546592226525,-0.012392638401693853,-0.013406427635982788,nan,nan,nan,nan,nan,nan,nan,nan,nan,nan,nan,nan,nan,nan,nan,nan,nan,nan,nan
83000,743,2938.044157743454,28.250095564114876,,nan,nan,0.006255989894270897,nan,0.0003,nan,82999,nan,nan,nan,nan,nan,nan,nan,1000.0,835.0,0.835,nan,nan,nan,nan,nan,nan,nan,nan,nan,nan,-0.00395881036371364,nan,0.043,nan,-0.016898231419323066,-0.011398671562226046,-0.014142812191407703,nan,nan,nan,nan,nan,nan,nan,nan,nan,nan,nan,nan,nan,nan,nan,nan,nan,nan,nan
84000,751,2972.460594177246,28.25942538530656,,nan,nan,0.005690445192158222,nan,0.0003,nan,83999,nan,nan,nan,nan,nan,nan,nan,1000.0,877.0,0.877,nan,nan,nan,nan,nan,nan,nan,nan,nan,nan,-0.0028797234090203842,nan,0.056,nan,-0.015639713409001353,-0.007705048896118845,-0.010501465726239284,nan,nan,nan,nan,nan,nan,nan,nan,nan,nan,nan,nan,nan,nan,nan,nan,nan,nan,nan
85000,760,3006.5152430534363,28.271953008924392,,nan,nan,0.005766839720308781,nan,0.0003,nan,84999,nan,nan,nan,nan,nan,nan,nan,1000.0,910.0,0.91,nan,nan,nan,nan,nan,nan,nan,nan,nan,nan,-0.0028366885950871887,nan,0.113,nan,-0.0168170626870983,-0.010866902456775945,-0.01296888712793484,nan,nan,nan,nan,nan,nan,nan,nan,nan,nan,nan,nan,nan,nan,nan,nan,nan,nan,nan
86000,771,3040.4331135749817,28.285453099501527,,nan,nan,0.005833829753100872,nan,0.0003,nan,85999,nan,nan,nan,nan,nan,nan,nan,1000.0,803.0,0.803,nan,nan,nan,nan,nan,nan,nan,nan,nan,nan,-0.0033348710239890665,nan,0.055,nan,-0.015977555109096035,-0.00927496744399292,-0.01411081330913703,nan,nan,nan,nan,nan,nan,nan,nan,nan,nan,nan,nan,nan,nan,nan,nan,nan,nan,nan
87000,779,3074.620390892029,28.296185291154178,,nan,nan,0.00527007644996047,nan,0.0003,nan,86999,nan,nan,nan,nan,nan,nan,nan,1000.0,854.0,0.854,nan,nan,nan,nan,nan,nan,nan,nan,nan,nan,-0.003469258954778036,nan,0.064,nan,-0.014515390720584309,-0.011102640256694567,-0.013491512395989728,nan,nan,nan,nan,nan,nan,nan,nan,nan,nan,nan,nan,nan,nan,nan,nan,nan,nan,nan
88000,789,3109.1683416366577,28.303397722528643,,nan,nan,0.005575469695031643,nan,0.0003,nan,87999,nan,nan,nan,nan,nan,nan,nan,1000.0,696.0,0.696,nan,nan,nan,nan,nan,nan,nan,nan,nan,nan,-0.005664297774260252,nan,0.041,nan,-0.015994816993986485,-0.01272527101894508,-0.014486241280850519,nan,nan,nan,nan,nan,nan,nan,nan,nan,nan,nan,nan,nan,nan,nan,nan,nan,nan,nan
89000,798,3143.3283762931824,28.31395450608665,,nan,nan,0.0052877673879265785,nan,0.0003,nan,88999,nan,nan,nan,nan,nan,nan,nan,1000.0,727.0,0.727,nan,nan,nan,nan,nan,nan,nan,nan,nan,nan,-0.004386961739493707,nan,0.046,nan,-0.018277000042012125,-0.012122073633076118,-0.014611053817369078,nan,nan,nan,nan,nan,nan,nan,nan,nan,nan,nan,nan,nan,nan,nan,nan,nan,nan,nan
90000,808,3177.494383573532,28.32421317466647,,nan,nan,0.004992975853383541,nan,0.0003,nan,89999,nan,nan,nan,nan,nan,nan,nan,1000.0,776.0,0.776,nan,nan,nan,nan,nan,nan,nan,nan,nan,nan,-0.004853288580423125,nan,0.042,nan,-0.016474778163540985,-0.012632408227265737,-0.014547671404288138,nan,nan,nan,nan,nan,nan,nan,nan,nan,nan,nan,nan,nan,nan,nan,nan,nan,nan,nan
91000,817,3212.110154390335,28.33029502338446,,nan,nan,0.004938499536365271,nan,0.0003,nan,90999,nan,nan,nan,nan,nan,nan,nan,1000.0,811.0,0.811,nan,nan,nan,nan,nan,nan,nan,nan,nan,nan,-0.004561326977650299,nan,0.039,nan,-0.016609048115319387,-0.011314146752803154,-0.01399714937057149,nan,nan,nan,nan,nan,nan,nan,nan,nan,nan,nan,nan,nan,nan,nan,nan,nan,nan,nan
92000,826,3246.659943819046,28.336823009381465,,nan,nan,0.004648059606552124,nan,0.0003,nan,91999,nan,nan,nan,nan,nan,nan,nan,1000.0,804.0,0.804,nan,nan,nan,nan,nan,nan,nan,nan,nan,nan,-0.003870806721839739,nan,0.047,nan,-0.015420523099316552,-0.010805088547539247,-0.013892818766235186,nan,nan,nan,nan,nan,nan,nan,nan,nan,nan,nan,nan,nan,nan,nan,nan,nan,nan,nan
93000,836,3280.6903212070465,28.347709662558934,,nan,nan,0.004433877300471067,nan,0.0003,nan,92999,nan,nan,nan,nan,nan,nan,nan,1000.0,877.0,0.877,nan,nan,nan,nan,nan,nan,nan,nan,nan,nan,-0.0034039593001898676,nan,0.113,nan,-0.01639231276380804,-0.010834176431753361,-0.013108266738569534,nan,nan,nan,nan,nan,nan,nan,nan,nan,nan,nan,nan,nan,nan,nan,nan,nan,nan,nan
94000,846,3314.656469345093,28.358913680127184,,nan,nan,0.004290448501706123,nan,0.0003,nan,93999,nan,nan,nan,nan,nan,nan,nan,1000.0,821.0,0.821,nan,nan,nan,nan,nan,nan,nan,nan,nan,nan,-0.0035472966261184792,nan,0.067,nan,-0.0160788923664035,-0.009659255901750529,-0.01271884940172131,nan,nan,nan,nan,nan,nan,nan,nan,nan,nan,nan,nan,nan,nan,nan,nan,nan,nan,nan
95000,856,3348.618218898773,28.36991922174652,,nan,nan,0.004876523278653622,nan,0.0003,nan,94999,nan,nan,nan,nan,nan,nan,nan,1000.0,693.0,0.693,nan,nan,nan,nan,nan,nan,nan,nan,nan,nan,-0.004711953708733302,nan,0.026,nan,-0.015681903141757537,-0.010580928042505863,-0.01372137312491979,nan,nan,nan,nan,nan,nan,nan,nan,nan,nan,nan,nan,nan,nan,nan,nan,nan,nan,nan
96000,866,3384.0942838191986,28.3680207171641,,nan,nan,0.004389189183712006,nan,0.0003,nan,95999,nan,nan,nan,nan,nan,nan,nan,1000.0,705.0,0.705,nan,nan,nan,nan,nan,nan,nan,nan,nan,nan,-0.004342814831503896,nan,0.027,nan,-0.016423516821142656,-0.010128480528918155,-0.013467738971987548,nan,nan,nan,nan,nan,nan,nan,nan,nan,nan,nan,nan,nan,nan,nan,nan,nan,nan,nan
97000,875,3419.3671205043793,28.367838969573132,,nan,nan,0.004185388330370188,nan,0.0003,nan,96999,nan,nan,nan,nan,nan,nan,nan,1000.0,860.0,0.86,nan,nan,nan,nan,nan,nan,nan,nan,nan,nan,-0.0036525049287442594,nan,0.053,nan,-0.017347541554156715,-0.009471530080041635,-0.01273384596822157,nan,nan,nan,nan,nan,nan,nan,nan,nan,nan,nan,nan,nan,nan,nan,nan,nan,nan,nan
98000,885,3456.610029697418,28.351477070897303,,nan,nan,0.0037658761721104383,nan,0.0003,nan,97999,nan,nan,nan,nan,nan,nan,nan,1000.0,665.0,0.665,nan,nan,nan,nan,nan,nan,nan,nan,nan,nan,-0.004494841587257298,nan,0.042,nan,-0.01549104340382874,-0.00994764953243062,-0.013720900276760742,nan,nan,nan,nan,nan,nan,nan,nan,nan,nan,nan,nan,nan,nan,nan,nan,nan,nan,nan
99000,894,3491.5675797462463,28.354034705206587,,nan,nan,0.0033474054653197527,nan,0.0003,nan,98999,nan,nan,nan,nan,nan,nan,nan,1000.0,746.0,0.746,nan,nan,nan,nan,nan,nan,nan,nan,nan,nan,-0.004079832911501263,nan,0.075,nan,-0.015633751879792462,-0.011568326297481179,-0.014318372927429213,nan,nan,nan,nan,nan,nan,nan,nan,nan,nan,nan,nan,nan,nan,nan,nan,nan,nan,nan
100000,903,3527.319844007492,28.35014515288526,,nan,nan,0.003693625796586275,nan,0.0003,nan,99999,nan,nan,nan,nan,nan,nan,nan,1000.0,640.0,0.64,nan,nan,nan,nan,nan,nan,nan,nan,nan,nan,-0.004484243089295112,nan,0.043,nan,-0.015916940517813335,-0.010942896149891175,-0.013321316109817126,nan,nan,nan,nan,nan,nan,nan,nan,nan,nan,nan,nan,nan,nan,nan,nan,nan,nan,nan
